id,price_doc
0,4950000
1,6750554
2,6000000
3,6750554
4,6750554
5,6750554
6,6750554
7,6750554
8,4800000
9,6750554
10,6750554
11,6750554
12,6750554
13,4950000
14,6750554
15,6750554
16,6750554
17,2000000
18,7400000
19,2000000
20,6750554
21,14000000
22,6750554
23,6750554
24,5200000
25,11500000
26,6750554
27,2000000
28,6750554
29,6400000
30,6400000
31,6750554
32,3023300
33,6750554
34,6750554
35,7800000
36,6750554
37,2000000
38,6400000
39,6750554
40,2394300
41,6750554
42,6750554
43,10200547
44,6750554
45,5200000
46,6750554
47,6150000
48,6750554
49,1000000
50,2000000
51,9450000
52,6750554
53,6750554
54,4950000
55,9450000
56,6400000
57,2000000
58,6750554
59,13000000
60,6750554
61,6750554
62,6750554
63,2000000
64,5200000
65,6750554
66,6750554
67,1000000
68,2394300
69,5200000
70,2000000
71,8100000
72,3486000
73,6750554
74,6750554
75,6750554
76,2000000
77,6750554
78,2394300
79,7500000
80,2000000
81,6750554
82,6750554
83,2000000
84,1000000
85,9450000
86,5200000
87,2000000
88,6750554
89,6750554
90,9450000
91,2000000
92,6750554
93,2394300
94,2000000
95,7800000
96,6900000
97,6750554
98,6750554
99,6750554
100,1000000
101,9450000
102,4950000
103,5300000
104,3023300
105,2000000
106,4950000
107,5200000
108,7950000
109,6750554
110,5200000
111,6750554
112,6750554
113,5289900
114,9450000
115,1000000
116,2000000
117,5200000
118,2000000
119,6750554
120,6750554
121,5200000
122,2394300
123,6750554
124,6750554
125,2000000
126,6750554
127,6400000
128,1732252
129,6750554
130,5200000
131,6750554
132,3010000
133,1000000
134,6750554
135,6750554
136,6750554
137,6750554
138,7500000
139,6750554
140,6750554
141,7800000
142,6750554
143,1000000
144,5200000
145,6750554
146,2949976
147,2000000
148,7500000
149,6400000
150,6750554
151,6750554
152,2000000
153,1000000
154,6750554
155,5200000
156,6750554
157,6750554
158,6750554
159,6400000
160,2000000
161,6750554
162,4950000
163,6750554
164,9450000
165,2000000
166,6750554
167,6750554
168,4950000
169,7800000
170,6750554
171,6700000
172,4950000
173,6750554
174,6750554
175,2949976
176,5200000
177,3023300
178,6750554
179,6750554
180,4838066
181,6750554
182,6750554
183,6500000
184,6750554
185,6750554
186,7800000
187,6750554
188,6750554
189,2000000
190,2000000
191,6750554
192,2394300
193,6750554
194,6750554
195,6750554
196,3000000
197,2000000
198,6750554
199,2000000
200,22052872
201,2394300
202,7800000
203,5200000
204,6750554
205,4950000
206,6750554
207,2422315
208,1000000
209,6750554
210,6500000
211,2000000
212,6750554
213,6750554
214,6750554
215,2000000
216,6750554
217,5200000
218,2000000
219,2000000
220,6000000
221,3486000
222,7500000
223,2000000
224,1000000
225,5200000
226,6750554
227,6750554
228,6400000
229,3846600
230,6750554
231,2000000
232,6750554
233,3683706
234,2000000
235,6750554
236,6800000
237,3846600
238,6750554
239,6000000
240,6400000
241,6750554
242,6750554
243,6400000
244,27700000
245,6750554
246,2000000
247,2850000
248,6750554
249,6750554
250,6750554
251,4950000
252,2000000
253,6750554
254,6750554
255,3561990
256,2000000
257,6750554
258,5200000
259,3000000
260,6750554
261,6750554
262,6750554
263,9450000
264,6400000
265,5798496
266,6750554
267,6750554
268,6750554
269,6750554
270,6750554
271,7800000
272,6750554
273,12000000
274,6750554
275,5200000
276,6750554
277,2000000
278,6750554
279,6750554
280,9450000
281,3683706
282,6750554
283,4950000
284,2000000
285,2000000
286,2394300
287,2000000
288,6750554
289,6750554
290,6750554
291,5200000
292,6750554
293,5000000
294,5200000
295,6700000
296,6750554
297,6750554
298,7800000
299,6750554
300,6750554
301,3010000
302,1000000
303,6750554
304,2000000
305,4950000
306,6400000
307,6750554
308,4400000
309,6750554
310,3274574
311,5200000
312,6750554
313,6750554
314,6750554
315,8300000
316,2000000
317,6750554
318,6750554
319,6750554
320,27700000
321,2000000
322,2000000
323,6750554
324,6750554
325,2000000
326,10200000
327,6750554
328,3010000
329,6750554
330,6750554
331,2000000
332,6750554
333,4950000
334,6750554
335,3846600
336,2000000
337,6750554
338,4950000
339,5200000
340,6750554
341,5700000
342,7500000
343,2394300
344,8500000
345,1000000
346,5500000
347,3010000
348,8100000
349,3486000
350,6750554
351,6750554
352,9300000
353,6750554
354,4950000
355,4950000
356,6750554
357,6750554
358,4950000
359,4950000
360,6750554
361,1000000
362,6750554
363,6750554
364,2000000
365,6000000
366,2000000
367,16000000
368,6400000
369,5200000
370,6750554
371,11000000
372,6750554
373,6500000
374,6750554
375,6750554
376,6750554
377,6750554
378,2000000
379,6750554
380,9450000
381,6750554
382,2000000
383,2422315
384,6750554
385,6750554
386,4950000
387,6750554
388,2000000
389,6750554
390,4950000
391,6750554
392,6750554
393,5200000
394,10400000
395,2000000
396,1000000
397,1000000
398,6750554
399,6750554
400,5850000
401,2940000
402,6750554
403,9500000
404,6750554
405,6750554
406,6750554
407,2394300
408,6750554
409,5200000
410,6750554
411,4950000
412,6750554
413,4950000
414,6750554
415,5600000
416,6800000
417,6750554
418,6750554
419,6750554
420,2000000
421,6750554
422,6750554
423,2000000
424,6750554
425,6750554
426,6750554
427,9450000
428,2394300
429,6750554
430,1000000
431,6750554
432,2000000
433,2000000
434,6750554
435,6750554
436,7789100
437,4800000
438,5500000
439,27700000
440,9450000
441,7500000
442,6750554
443,8100000
444,6900000
445,3683706
446,4950000
447,6750554
448,2000000
449,6750554
450,6750554
451,2000000
452,6750554
453,7800000
454,5200000
455,6750554
456,2000000
457,6750554
458,5200000
459,5200000
460,2000000
461,6750554
462,6750554
463,6750554
464,6750554
465,6750554
466,6750554
467,6400000
468,6750554
469,6750554
470,3846600
471,2000000
472,14300000
473,6750554
474,6700000
475,6750554
476,6400000
477,6750554
478,6750554
479,2000000
480,3846600
481,9450000
482,3486000
483,2000000
484,2000000
485,1000000
486,7800000
487,9450000
488,2000000
489,6750554
490,5200000
491,6750554
492,22052872
493,22052872
494,6750554
495,6750554
496,6750554
497,27700000
498,6750554
499,6750554
500,6750554
501,8500000
502,6750554
503,6750554
504,2000000
505,6750554
506,2394300
507,6750554
508,6750554
509,6750554
510,6750554
511,6750554
512,6750554
513,2000000
514,4950000
515,1000000
516,2000000
517,11900000
518,1732252
519,7800000
520,5200000
521,6400000
522,6750554
523,6750554
524,990000
525,2000000
526,2000000
527,6750554
528,7500000
529,2000000
530,6750554
531,4008200
532,6750554
533,9450000
534,6750554
535,9450000
536,6400000
537,6750554
538,6750554
539,6750554
540,2000000
541,6400000
542,6750554
543,6750554
544,4950000
545,6750554
546,6750554
547,6750554
548,6750554
549,6750554
550,5200000
551,6750554
552,2000000
553,6750554
554,4950000
555,2000000
556,6750554
557,6750554
558,2000000
559,6750554
560,6400000
561,6750554
562,9450000
563,2000000
564,6750554
565,6750554
566,6750554
567,6750554
568,6750554
569,4950000
570,8100000
571,3486000
572,6750554
573,7800000
574,4950000
575,9450000
576,6750554
577,6750554
578,6750554
579,6750554
580,6750554
581,8300000
582,6750554
583,6750554
584,6750554
585,6750554
586,6750554
587,6750554
588,6750554
589,6750554
590,6750554
591,3010000
592,6750554
593,1000000
594,6750554
595,6750554
596,6750554
597,6750554
598,1000000
599,2394300
600,3486000
601,6750554
602,7500000
603,6750554
604,6750554
605,6750554
606,6750554
607,2394300
608,2000000
609,3846600
610,6750554
611,6750554
612,3846600
613,4950000
614,6000000
615,6000000
616,6750554
617,6750554
618,6750554
619,6750554
620,4950000
621,5200000
622,2000000
623,2000000
624,2000000
625,6750554
626,4950000
627,5700000
628,4950000
629,2000000
630,5200000
631,7538000
632,6750554
633,24000000
634,2000000
635,6750554
636,6750554
637,2000000
638,6500000
639,6750554
640,5200000
641,6750554
642,2000000
643,2000000
644,6750554
645,6750554
646,5200000
647,6750554
648,7400000
649,6750554
650,4950000
651,6750554
652,24000000
653,6750554
654,4950000
655,6750554
656,6750554
657,7800000
658,2000000
659,2000000
660,2000000
661,2000000
662,2000000
663,6750554
664,9450000
665,6750554
666,7800000
667,7500000
668,6750554
669,6750554
670,6750554
671,4950000
672,1000000
673,2000000
674,6750554
675,2394300
676,6750554
677,5900000
678,6750554
679,6750554
680,27700000
681,6400000
682,13742300
683,6750554
684,2000000
685,6750554
686,4950000
687,6750554
688,6750554
689,6000000
690,6750554
691,6750554
692,6750554
693,6750554
694,2000000
695,8100000
696,2000000
697,2000000
698,6750554
699,2000000
700,2000000
701,2000000
702,6750554
703,6750554
704,6750554
705,5200000
706,6750554
707,6750554
708,3486000
709,6750554
710,5200000
711,6750554
712,2000000
713,6750554
714,6750554
715,6750554
716,1000000
717,2000000
718,6750554
719,6750554
720,6750554
721,2000000
722,5200000
723,2000000
724,2000000
725,6750554
726,6750554
727,6750554
728,6750554
729,6750554
730,3865945
731,6750554
732,4950000
733,6750554
734,4950000
735,6750554
736,6750554
737,7538000
738,6750554
739,1000000
740,6750554
741,6750554
742,6750554
743,6750554
744,6750554
745,6750554
746,3486000
747,6750554
748,6700000
749,6750554
750,6700000
751,6750554
752,6750554
753,6750554
754,2000000
755,6750554
756,6750554
757,6750554
758,6750554
759,6750554
760,9989788
761,6750554
762,4950000
763,2000000
764,6750554
765,2000000
766,2000000
767,6750554
768,6750554
769,6750554
770,6750554
771,2000000
772,2000000
773,6750554
774,7500000
775,6750554
776,6750554
777,6750554
778,6750554
779,8500000
780,2000000
781,2000000
782,8100000
783,6750554
784,2000000
785,6750554
786,1000000
787,6750554
788,6750554
789,6750554
790,6750554
791,8100000
792,1000000
793,6750554
794,6750554
795,1000000
796,6750554
797,6750554
798,2000000
799,7500000
800,5200000
801,6300000
802,2000000
803,5200000
804,6750554
805,6750554
806,2000000
807,6750554
808,6750554
809,6750554
810,1000000
811,6750554
812,7800000
813,6750554
814,6750554
815,2000000
816,6750554
817,4950000
818,3846600
819,6750554
820,6750554
821,6750554
822,6750554
823,6750554
824,6750554
825,6750554
826,7800000
827,6750554
828,5419300
829,2000000
830,6750554
831,2000000
832,6750554
833,6750554
834,8500000
835,2000000
836,6750554
837,4950000
838,1000000
839,2000000
840,6750554
841,6750554
842,6750554
843,13500000
844,2000000
845,6750554
846,2000000
847,6750554
848,6750554
849,8500000
850,7400000
851,5200000
852,6000000
853,1000000
854,6750554
855,6750554
856,6750554
857,6750554
858,5200000
859,5200000
860,6750554
861,6750554
862,2000000
863,9450000
864,6750554
865,5200000
866,9150000
867,6750554
868,6000000
869,6750554
870,5200000
871,6750554
872,6750554
873,6750554
874,2000000
875,2000000
876,6750554
877,5200000
878,2000000
879,6200000
880,7500000
881,6750554
882,6750554
883,6750554
884,2949976
885,6592000
886,6750554
887,5200000
888,6750554
889,6750554
890,4800000
891,6750554
892,1000000
893,7500000
894,2000000
895,6750554
896,6700000
897,5852000
898,6750554
899,5100000
900,6750554
901,4950000
902,6750554
903,2000000
904,4950000
905,2000000
906,4500000
907,6800000
908,5200000
909,7800000
910,6750554
911,2000000
912,6750554
913,3000000
914,6750554
915,4462000
916,7800000
917,6750554
918,2000000
919,2000000
920,9450000
921,4800000
922,2000000
923,6750554
924,2422315
925,2000000
926,6750554
927,6750554
928,2000000
929,6750554
930,1000000
931,6750554
932,6750554
933,6750554
934,6750554
935,2394300
936,17600000
937,2000000
938,2000000
939,7800000
940,1000000
941,6750554
942,2000000
943,5200000
944,7800000
945,2000000
946,6750554
947,9450000
948,4950000
949,6750554
950,2000000
951,4950000
952,5200000
953,6750554
954,2000000
955,27700000
956,6750554
957,6750554
958,6750554
959,1000000
960,6750554
961,15500000
962,6750554
963,6750554
964,7800000
965,6750554
966,6000000
967,4950000
968,6750554
969,2000000
970,6500000
971,2000000
972,6750554
973,9450000
974,2000000
975,7500000
976,2000000
977,10950000
978,6750554
979,3120697
980,4950000
981,6700000
982,6750554
983,1000000
984,6750554
985,7500000
986,6750554
987,5200000
988,3865945
989,6750554
990,9450000
991,1000000
992,6750554
993,6750554
994,12000000
995,6750554
996,6750554
997,6750554
998,2394300
999,6800000
1000,3683706
1001,6750554
1002,2000000
1003,2000000
1004,5200000
1005,2000000
1006,8100000
1007,1000000
1008,2000000
1009,2000000
1010,6750554
1011,4008200
1012,6750554
1013,5200000
1014,6750554
1015,1000000
1016,6750554
1017,6000000
1018,2000000
1019,2000000
1020,4950000
1021,4950000
1022,2000000
1023,6750554
1024,6750554
1025,2000000
1026,2000000
1027,2000000
1028,2000000
1029,5200000
1030,2000000
1031,6750554
1032,1000000
1033,2000000
1034,6750554
1035,5200000
1036,2000000
1037,6750554
1038,6750554
1039,30000000
1040,6750554
1041,2394300
1042,15200000
1043,9450000
1044,1000000
1045,4950000
1046,6000000
1047,2000000
1048,6750554
1049,7800000
1050,6750554
1051,2000000
1052,6750554
1053,2000000
1054,5200000
1055,4950000
1056,6530200
1057,2000000
1058,6750554
1059,6750554
1060,7500000
1061,2000000
1062,9800000
1063,6750554
1064,6750554
1065,6750554
1066,6750554
1067,2394300
1068,5200000
1069,6750554
1070,6750554
1071,6700000
1072,6750554
1073,2000000
1074,6000000
1075,6750554
1076,4950000
1077,6400000
1078,2000000
1079,6300000
1080,1000000
1081,6750554
1082,6750554
1083,4950000
1084,6750554
1085,2394300
1086,6750554
1087,6750554
1088,6750554
1089,6750554
1090,2000000
1091,6750554
1092,4950000
1093,6750554
1094,1000000
1095,6750554
1096,6750554
1097,5200000
1098,6750554
1099,5200000
1100,11400000
1101,6750554
1102,2000000
1103,4838066
1104,6750554
1105,6750554
1106,6700000
1107,4950000
1108,2000000
1109,7800000
1110,6750554
1111,6750554
1112,6750554
1113,16000000
1114,1000000
1115,6750554
1116,1000000
1117,6700000
1118,6750554
1119,7800000
1120,6750554
1121,2000000
1122,6750554
1123,2000000
1124,6750554
1125,2000000
1126,8200000
1127,2000000
1128,3846600
1129,2000000
1130,2422315
1131,6750554
1132,6750554
1133,6700000
1134,3846600
1135,9450000
1136,9800000
1137,6750554
1138,9450000
1139,6750554
1140,6750554
1141,6750554
1142,2000000
1143,4335100
1144,6750554
1145,2000000
1146,6750554
1147,5900000
1148,27700000
1149,2000000
1150,6750554
1151,2000000
1152,9450000
1153,6750554
1154,6750554
1155,2000000
1156,3846600
1157,6750554
1158,2000000
1159,5200000
1160,7500000
1161,6750554
1162,9450000
1163,6750554
1164,6750554
1165,6750554
1166,2000000
1167,6750554
1168,2394300
1169,7400000
1170,7800000
1171,6750554
1172,2000000
1173,5200000
1174,6750554
1175,5200000
1176,6400000
1177,2000000
1178,6750554
1179,5200000
1180,4950000
1181,6750554
1182,2000000
1183,2000000
1184,6750554
1185,6800000
1186,5200000
1187,6000000
1188,6750554
1189,6750554
1190,6750554
1191,6750554
1192,6000000
1193,6750554
1194,6750554
1195,15000000
1196,6750554
1197,6000000
1198,1000000
1199,2000000
1200,2000000
1201,6750554
1202,6700000
1203,6750554
1204,6750554
1205,8500000
1206,6750554
1207,6750554
1208,1732252
1209,6750554
1210,3846600
1211,6750554
1212,18300000
1213,10500000
1214,6750554
1215,6750554
1216,6750554
1217,6750554
1218,6750554
1219,6400000
1220,6750554
1221,6750554
1222,6750554
1223,3846600
1224,6750554
1225,4950000
1226,5200000
1227,6750554
1228,4950000
1229,1000000
1230,4950000
1231,9100000
1232,4950000
1233,6750554
1234,9000000
1235,3846600
1236,2000000
1237,8500000
1238,2000000
1239,6750554
1240,6750554
1241,6750554
1242,4950000
1243,6750554
1244,6750554
1245,6000000
1246,2000000
1247,6750554
1248,7400000
1249,6500000
1250,4950000
1251,6750554
1252,10500000
1253,6400000
1254,6750554
1255,6700000
1256,6750554
1257,6750554
1258,2000000
1259,5700000
1260,6750554
1261,2394300
1262,2000000
1263,6750554
1264,6750554
1265,6000000
1266,2000000
1267,6750554
1268,6750554
1269,6750554
1270,6750554
1271,6750554
1272,11150000
1273,6750554
1274,2000000
1275,6750554
1276,2000000
1277,7000000
1278,6750554
1279,6750554
1280,2000000
1281,2000000
1282,6750554
1283,4950000
1284,8100000
1285,6750554
1286,6750554
1287,6750554
1288,1732252
1289,6750554
1290,6750554
1291,6750554
1292,11300000
1293,6750554
1294,6750554
1295,2000000
1296,6750554
1297,6750554
1298,8100000
1299,1000000
1300,6750554
1301,2000000
1302,2394300
1303,4008200
1304,6750554
1305,6750554
1306,6750554
1307,8100000
1308,1000000
1309,6750554
1310,5200000
1311,4950000
1312,6750554
1313,6750554
1314,1000000
1315,6750554
1316,6750554
1317,6750554
1318,6750554
1319,8100000
1320,6750554
1321,4950000
1322,6750554
1323,2000000
1324,6750554
1325,6750554
1326,6300000
1327,6750554
1328,8200000
1329,6800000
1330,5200000
1331,6750554
1332,1000000
1333,2000000
1334,7500000
1335,2000000
1336,6750554
1337,2000000
1338,6400000
1339,6750554
1340,2000000
1341,6750554
1342,5200000
1343,6750554
1344,4950000
1345,6750554
1346,15500000
1347,2000000
1348,4950000
1349,6750554
1350,2000000
1351,6750554
1352,6000000
1353,4950000
1354,4950000
1355,6000000
1356,9450000
1357,6750554
1358,2000000
1359,6750554
1360,6750554
1361,6750554
1362,8100000
1363,6750554
1364,7800000
1365,6750554
1366,2000000
1367,3846600
1368,8100000
1369,6750554
1370,6750554
1371,1000000
1372,6750554
1373,5200000
1374,6750554
1375,2000000
1376,6750554
1377,6750554
1378,6750554
1379,6750554
1380,6750554
1381,4800000
1382,2000000
1383,2000000
1384,2000000
1385,6750554
1386,6750554
1387,6750554
1388,6750554
1389,6750554
1390,6750554
1391,6000000
1392,3023300
1393,6400000
1394,4950000
1395,2000000
1396,6750554
1397,6750554
1398,6750554
1399,6750554
1400,4838066
1401,6750554
1402,3846600
1403,2000000
1404,6750554
1405,2000000
1406,2000000
1407,6750554
1408,3010000
1409,4838066
1410,4950000
1411,2000000
1412,2000000
1413,2000000
1414,6750554
1415,2000000
1416,4838066
1417,5200000
1418,6750554
1419,2000000
1420,2000000
1421,6750554
1422,6750554
1423,6750554
1424,6750554
1425,6750554
1426,6400000
1427,6750554
1428,6750554
1429,3068450
1430,6750554
1431,6750554
1432,6750554
1433,6750554
1434,6750554
1435,2000000
1436,6750554
1437,6750554
1438,6750554
1439,7400000
1440,4950000
1441,6750554
1442,6750554
1443,6750554
1444,6750554
1445,6750554
1446,6750554
1447,6750554
1448,6750554
1449,6000000
1450,2000000
1451,9450000
1452,6750554
1453,9300000
1454,6750554
1455,22052872
1456,6750554
1457,6150000
1458,2000000
1459,9450000
1460,6750554
1461,4400000
1462,5700000
1463,4950000
1464,1000000
1465,5200000
1466,6750554
1467,2000000
1468,4950000
1469,2000000
1470,5798496
1471,4950000
1472,36000000
1473,2000000
1474,6750554
1475,9450000
1476,1000000
1477,5200000
1478,4950000
1479,6750554
1480,6750554
1481,1000000
1482,2000000
1483,5200000
1484,5200000
1485,2000000
1486,6750554
1487,2000000
1488,5200000
1489,2000000
1490,6750554
1491,6400000
1492,2000000
1493,6750554
1494,2000000
1495,15200000
1496,2000000
1497,6750554
1498,5419300
1499,6750554
1500,6750554
1501,6750554
1502,6750554
1503,9000000
1504,3846600
1505,6750554
1506,6750554
1507,4950000
1508,6750554
1509,5622775
1510,8500000
1511,6750554
1512,6750554
1513,6750554
1514,8500000
1515,11500000
1516,6750554
1517,2000000
1518,6750554
1519,2000000
1520,6750554
1521,9450000
1522,10200000
1523,4950000
1524,6750554
1525,4950000
1526,6750554
1527,6750554
1528,27700000
1529,2000000
1530,6750554
1531,6750554
1532,2000000
1533,6750554
1534,4950000
1535,6750554
1536,2000000
1537,6750554
1538,2394300
1539,6750554
1540,6300000
1541,7500000
1542,6750554
1543,2000000
1544,2000000
1545,5200000
1546,6750554
1547,1000000
1548,1000000
1549,6750554
1550,6750554
1551,2000000
1552,6750554
1553,2000000
1554,6750554
1555,2000000
1556,6750554
1557,6750554
1558,2000000
1559,9450000
1560,6750554
1561,2000000
1562,6750554
1563,6750554
1564,6400000
1565,9900000
1566,2000000
1567,6750554
1568,6750554
1569,3010000
1570,6750554
1571,6750554
1572,8500000
1573,10500000
1574,2000000
1575,6750554
1576,2000000
1577,6750554
1578,6750554
1579,6750554
1580,9450000
1581,6750554
1582,2000000
1583,6750554
1584,4992374
1585,6750554
1586,2000000
1587,2000000
1588,6750554
1589,2000000
1590,9900000
1591,5869700
1592,4950000
1593,6750554
1594,6750554
1595,3023300
1596,3010000
1597,5500000
1598,6750554
1599,6750554
1600,6750554
1601,3010000
1602,2000000
1603,6750554
1604,6750554
1605,6750554
1606,6750554
1607,2000000
1608,1000000
1609,3274574
1610,6400000
1611,2000000
1612,2000000
1613,4950000
1614,24000000
1615,5250000
1616,6750554
1617,6750554
1618,6750554
1619,1000000
1620,2000000
1621,2000000
1622,3683706
1623,6750554
1624,4950000
1625,2000000
1626,2000000
1627,3444000
1628,6750554
1629,6750554
1630,6750554
1631,6750554
1632,6750554
1633,6750554
1634,6750554
1635,4950000
1636,6750554
1637,3010000
1638,6750554
1639,2000000
1640,2000000
1641,6000000
1642,2000000
1643,6750554
1644,6750554
1645,6750554
1646,14300000
1647,3023300
1648,2000000
1649,2000000
1650,6750554
1651,2000000
1652,2000000
1653,2000000
1654,6750554
1655,5200000
1656,6750554
1657,6750554
1658,2394300
1659,6750554
1660,3846600
1661,1000000
1662,2000000
1663,2000000
1664,6750554
1665,2000000
1666,6400000
1667,6750554
1668,6750554
1669,8100000
1670,6750554
1671,6750554
1672,6750554
1673,5200000
1674,6750554
1675,14500000
1676,3846600
1677,6750554
1678,6750554
1679,6750554
1680,6750554
1681,6750554
1682,5200000
1683,8070000
1684,6750554
1685,6750554
1686,7400000
1687,2000000
1688,2000000
1689,2000000
1690,2000000
1691,6750554
1692,6750554
1693,19800000
1694,2000000
1695,1000000
1696,2000000
1697,2000000
1698,2000000
1699,4950000
1700,6750554
1701,6750554
1702,1000000
1703,2000000
1704,6000000
1705,2000000
1706,4950000
1707,6750554
1708,2000000
1709,4950000
1710,6750554
1711,4950000
1712,7500000
1713,6750554
1714,6750554
1715,3846600
1716,6750554
1717,6750554
1718,6750554
1719,9000000
1720,3865945
1721,6750554
1722,2000000
1723,14500000
1724,6750554
1725,8000000
1726,13400000
1727,6750554
1728,6750554
1729,5200000
1730,6400000
1731,15200000
1732,6750554
1733,6750554
1734,4950000
1735,6750554
1736,3000000
1737,3010000
1738,6750554
1739,4950000
1740,6750554
1741,8300000
1742,9450000
1743,6750554
1744,6750554
1745,2000000
1746,6750554
1747,6750554
1748,1000000
1749,6750554
1750,4950000
1751,5200000
1752,9450000
1753,6750554
1754,10200000
1755,6750554
1756,6750554
1757,15200000
1758,6750554
1759,1000000
1760,2000000
1761,2000000
1762,9450000
1763,2000000
1764,6750554
1765,2000000
1766,2000000
1767,6750554
1768,6000000
1769,7400000
1770,5200000
1771,10000000
1772,2000000
1773,6750554
1774,2000000
1775,2000000
1776,2000000
1777,2000000
1778,6750554
1779,6750554
1780,22052872
1781,4950000
1782,6750554
1783,6750554
1784,2000000
1785,6750554
1786,2000000
1787,27700000
1788,6750554
1789,5250000
1790,4950000
1791,2000000
1792,2000000
1793,6750554
1794,5200000
1795,2000000
1796,2000000
1797,5500000
1798,6750554
1799,2000000
1800,6750554
1801,6750554
1802,6750554
1803,2000000
1804,1000000
1805,5500000
1806,6750554
1807,4950000
1808,2000000
1809,6750554
1810,6750554
1811,2000000
1812,2000000
1813,9450000
1814,4950000
1815,6750554
1816,6750554
1817,6750554
1818,2000000
1819,6000000
1820,6750554
1821,6400000
1822,9000000
1823,6750554
1824,1000000
1825,1000000
1826,2000000
1827,2000000
1828,2000000
1829,2000000
1830,6750554
1831,4950000
1832,6750554
1833,2000000
1834,5200000
1835,8100000
1836,4950000
1837,6750554
1838,6750554
1839,5500000
1840,5500000
1841,2000000
1842,6750554
1843,6750554
1844,6750554
1845,6000000
1846,6750554
1847,2000000
1848,5200000
1849,6750554
1850,6000000
1851,6750554
1852,2884032
1853,6200000
1854,2000000
1855,2000000
1856,6000000
1857,6400000
1858,6400000
1859,6750554
1860,5200000
1861,2000000
1862,6750554
1863,6000000
1864,6750554
1865,1000000
1866,6400000
1867,6000000
1868,6400000
1869,7500000
1870,6750554
1871,6750554
1872,4583436
1873,5200000
1874,8500000
1875,2000000
1876,6750554
1877,7400000
1878,2000000
1879,4950000
1880,6750554
1881,1000000
1882,5200000
1883,8500000
1884,2000000
1885,6750554
1886,6000000
1887,2000000
1888,6750554
1889,6400000
1890,4950000
1891,2000000
1892,2000000
1893,6750554
1894,5900000
1895,8800000
1896,6750554
1897,2000000
1898,6750554
1899,8500000
1900,6750554
1901,6750554
1902,4950000
1903,8400000
1904,4950000
1905,5200000
1906,2000000
1907,6750554
1908,2000000
1909,6750554
1910,6750554
1911,6000000
1912,6750554
1913,6750554
1914,6750554
1915,6750554
1916,3486000
1917,6750554
1918,9450000
1919,6750554
1920,6750554
1921,6750554
1922,6750554
1923,6750554
1924,6750554
1925,2000000
1926,8300000
1927,6750554
1928,6750554
1929,2000000
1930,4950000
1931,3010000
1932,6750554
1933,6400000
1934,5200000
1935,2000000
1936,4950000
1937,6750554
1938,6750554
1939,2000000
1940,6750554
1941,3846600
1942,6750554
1943,6750554
1944,4950000
1945,6750554
1946,8200000
1947,2394300
1948,5200000
1949,6750554
1950,6400000
1951,6750554
1952,2000000
1953,2000000
1954,8100000
1955,2000000
1956,6750554
1957,2000000
1958,2000000
1959,6750554
1960,2000000
1961,6900000
1962,2000000
1963,2000000
1964,6400000
1965,5200000
1966,990000
1967,6750554
1968,2000000
1969,6750554
1970,1000000
1971,6750554
1972,6750554
1973,6750554
1974,4950000
1975,6750554
1976,6400000
1977,8333000
1978,6500000
1979,6750554
1980,2000000
1981,6750554
1982,4950000
1983,6750554
1984,2000000
1985,6750554
1986,6500000
1987,2000000
1988,2000000
1989,5200000
1990,17500000
1991,6750554
1992,6750554
1993,4950000
1994,2000000
1995,2000000
1996,2000000
1997,6750554
1998,2000000
1999,4950000
2000,4800000
2001,6750554
2002,6750554
2003,3846600
2004,6750554
2005,4950000
2006,2000000
2007,2000000
2008,4838066
2009,6750554
2010,6750554
2011,6750554
2012,6400000
2013,6750554
2014,13900000
2015,27700000
2016,5200000
2017,8100000
2018,6750554
2019,4400000
2020,8100000
2021,6750554
2022,6750554
2023,7500000
2024,2000000
2025,2000000
2026,6750554
2027,6750554
2028,2000000
2029,6750554
2030,5200000
2031,6750554
2032,3000000
2033,5200000
2034,7250000
2035,5200000
2036,2000000
2037,6750554
2038,6750554
2039,6750554
2040,6750554
2041,6750554
2042,2000000
2043,10400000
2044,6750554
2045,6750554
2046,2394300
2047,6400000
2048,4950000
2049,6750554
2050,4950000
2051,5200000
2052,2000000
2053,6750554
2054,6750554
2055,6750554
2056,1000000
2057,6750554
2058,2000000
2059,6750554
2060,4462000
2061,6750554
2062,2000000
2063,6750554
2064,7500000
2065,6750554
2066,4500000
2067,8100000
2068,4950000
2069,6750554
2070,6750554
2071,6750554
2072,2000000
2073,1000000
2074,6750554
2075,6750554
2076,6600000
2077,4950000
2078,4950000
2079,2000000
2080,11000000
2081,2000000
2082,2000000
2083,3846600
2084,6750554
2085,3000000
2086,9450000
2087,5200000
2088,8100000
2089,7200000
2090,5200000
2091,6750554
2092,6750554
2093,6750554
2094,6750554
2095,6750554
2096,5200000
2097,4950000
2098,6750554
2099,6750554
2100,2000000
2101,6400000
2102,6750554
2103,5200000
2104,4950000
2105,6750554
2106,5200000
2107,6750554
2108,6750554
2109,6750554
2110,6750554
2111,6750554
2112,6750554
2113,4950000
2114,6750554
2115,2394300
2116,2000000
2117,2000000
2118,4950000
2119,3274574
2120,6750554
2121,6750554
2122,6750554
2123,2000000
2124,6750554
2125,6750554
2126,2000000
2127,6750554
2128,8500000
2129,2000000
2130,6350000
2131,6750554
2132,5700000
2133,6750554
2134,2000000
2135,6750554
2136,8200000
2137,6400000
2138,6750554
2139,4950000
2140,2000000
2141,6750554
2142,2000000
2143,8500000
2144,4950000
2145,4950000
2146,8500000
2147,5200000
2148,2000000
2149,2000000
2150,6750554
2151,1000000
2152,9450000
2153,8700000
2154,6750554
2155,2000000
2156,6400000
2157,2000000
2158,7500000
2159,7500000
2160,5200000
2161,2000000
2162,5200000
2163,2000000
2164,6750554
2165,6750554
2166,4950000
2167,9450000
2168,4950000
2169,6750554
2170,6750554
2171,5200000
2172,2000000
2173,6750554
2174,2000000
2175,3444000
2176,2000000
2177,2394300
2178,2000000
2179,2000000
2180,5200000
2181,6750554
2182,4351147
2183,6900000
2184,9450000
2185,2000000
2186,6750554
2187,9450000
2188,3010000
2189,2000000
2190,2000000
2191,6750554
2192,2000000
2193,4950000
2194,9450000
2195,6750554
2196,7500000
2197,4950000
2198,4950000
2199,2000000
2200,6400000
2201,4838066
2202,6272000
2203,4950000
2204,2000000
2205,2000000
2206,2000000
2207,2000000
2208,4535300
2209,2000000
2210,2000000
2211,2000000
2212,2000000
2213,5200000
2214,6400000
2215,6750554
2216,2000000
2217,9450000
2218,6750554
2219,7500000
2220,6750554
2221,2000000
2222,5200000
2223,6800000
2224,4950000
2225,9450000
2226,6750554
2227,2000000
2228,27700000
2229,2000000
2230,2000000
2231,2000000
2232,9300000
2233,2000000
2234,7000000
2235,6500000
2236,2000000
2237,5200000
2238,2000000
2239,6500000
2240,6750554
2241,1000000
2242,5200000
2243,2000000
2244,2000000
2245,1000000
2246,5200000
2247,2000000
2248,6750554
2249,4950000
2250,8800000
2251,2000000
2252,2000000
2253,1000000
2254,2000000
2255,4950000
2256,8500000
2257,4400000
2258,5419300
2259,4400000
2260,1000000
2261,6400000
2262,1000000
2263,1000000
2264,2000000
2265,2000000
2266,4351147
2267,6000000
2268,2000000
2269,6750554
2270,11000000
2271,6000000
2272,2000000
2273,6400000
2274,2000000
2275,3846600
2276,2000000
2277,4950000
2278,2000000
2279,2000000
2280,7800000
2281,2000000
2282,8100000
2283,2000000
2284,9450000
2285,5200000
2286,6100000
2287,5600000
2288,9100000
2289,6300000
2290,4400000
2291,6750554
2292,6800000
2293,2000000
2294,2000000
2295,6400000
2296,2000000
2297,2000000
2298,7221456
2299,6750554
2300,2000000
2301,6000000
2302,5200000
2303,6500000
2304,4950000
2305,1000000
2306,7500000
2307,2000000
2308,4950000
2309,9500000
2310,2000000
2311,1000000
2312,6750554
2313,6750554
2314,5200000
2315,6400000
2316,1000000
2317,6750554
2318,5200000
2319,2000000
2320,2394300
2321,5200000
2322,2000000
2323,5200000
2324,9000000
2325,9000000
2326,6750554
2327,4950000
2328,2000000
2329,5200000
2330,6750554
2331,10500000
2332,1000000
2333,4800000
2334,4950000
2335,6750554
2336,2000000
2337,9450000
2338,6750554
2339,1000000
2340,6750554
2341,5450000
2342,6750554
2343,4950000
2344,8500000
2345,2394300
2346,5200000
2347,2000000
2348,4950000
2349,6750554
2350,2000000
2351,6100000
2352,2000000
2353,8500000
2354,2000000
2355,4950000
2356,6750554
2357,7975000
2358,6750554
2359,6750554
2360,2000000
2361,3000000
2362,4950000
2363,9450000
2364,5200000
2365,11300000
2366,6400000
2367,6750554
2368,6750554
2369,6750554
2370,6750554
2371,9000000
2372,2000000
2373,6750554
2374,3010000
2375,2000000
2376,6900000
2377,2000000
2378,6750554
2379,6750554
2380,8500000
2381,6750554
2382,5200000
2383,9400000
2384,3865945
2385,4950000
2386,6750554
2387,5200000
2388,2000000
2389,6750554
2390,7500000
2391,2000000
2392,3865945
2393,1000000
2394,6750554
2395,2000000
2396,4950000
2397,9300000
2398,7000000
2399,5200000
2400,5450000
2401,2000000
2402,3068450
2403,2000000
2404,2000000
2405,6750554
2406,7500000
2407,8500000
2408,6750554
2409,5450000
2410,2000000
2411,6750554
2412,5200000
2413,1000000
2414,6750554
2415,2500000
2416,6750554
2417,6750554
2418,5200000
2419,15000000
2420,4950000
2421,6200000
2422,4950000
2423,3561990
2424,2000000
2425,2000000
2426,4950000
2427,9450000
2428,2000000
2429,2000000
2430,2000000
2431,6400000
2432,8100000
2433,6750554
2434,2000000
2435,2000000
2436,2000000
2437,9450000
2438,2000000
2439,6750554
2440,6750554
2441,6750554
2442,2000000
2443,4950000
2444,6750554
2445,2000000
2446,5200000
2447,4400000
2448,2000000
2449,6000000
2450,3200000
2451,5200000
2452,1000000
2453,2000000
2454,9450000
2455,2000000
2456,5200000
2457,2000000
2458,6300000
2459,5200000
2460,5200000
2461,2000000
2462,1000000
2463,5200000
2464,1000000
2465,3846600
2466,2000000
2467,2000000
2468,6750554
2469,5200000
2470,4438471
2471,5000000
2472,2000000
2473,6750554
2474,14500000
2475,7500000
2476,5200000
2477,2000000
2478,2000000
2479,1000000
2480,8500000
2481,2000000
2482,6400000
2483,3000000
2484,6750554
2485,6750554
2486,7850000
2487,7000000
2488,3846600
2489,6750554
2490,3000000
2491,1000000
2492,3068450
2493,2000000
2494,4950000
2495,6400000
2496,6400000
2497,4400000
2498,5200000
2499,4950000
2500,2000000
2501,10500000
2502,6400000
2503,4351147
2504,2000000
2505,6750554
2506,4400000
2507,5200000
2508,4950000
2509,6400000
2510,5200000
2511,5200000
2512,6750554
2513,6750554
2514,6400000
2515,4950000
2516,2000000
2517,3068450
2518,6750554
2519,5200000
2520,3274574
2521,2000000
2522,3000000
2523,2000000
2524,3010000
2525,6750554
2526,5200000
2527,8300000
2528,4950000
2529,5000000
2530,2000000
2531,1000000
2532,2000000
2533,5200000
2534,4800000
2535,4950000
2536,4950000
2537,6750554
2538,6750554
2539,2000000
2540,6750554
2541,6750554
2542,5000000
2543,5200000
2544,5200000
2545,6750554
2546,6900000
2547,6750554
2548,6400000
2549,2000000
2550,2000000
2551,4950000
2552,6750554
2553,3486000
2554,6750554
2555,7800000
2556,6750554
2557,4950000
2558,2000000
2559,2000000
2560,5150000
2561,2000000
2562,6300000
2563,9450000
2564,4950000
2565,2000000
2566,2000000
2567,4800000
2568,22052872
2569,6750554
2570,2000000
2571,11000000
2572,2000000
2573,6750554
2574,2000000
2575,2000000
2576,2000000
2577,6400000
2578,2000000
2579,2000000
2580,2000000
2581,2000000
2582,6750554
2583,2000000
2584,4950000
2585,2000000
2586,5200000
2587,5000000
2588,6500000
2589,6750554
2590,4400000
2591,2000000
2592,2000000
2593,6000000
2594,7500000
2595,6750554
2596,6750554
2597,2000000
2598,6000000
2599,6750554
2600,6750554
2601,1000000
2602,6750554
2603,7500000
2604,6750554
2605,2000000
2606,6800000
2607,3010000
2608,7500000
2609,9450000
2610,5510000
2611,11000000
2612,2000000
2613,1000000
2614,5200000
2615,2000000
2616,1000000
2617,5200000
2618,6750554
2619,2000000
2620,6750554
2621,2000000
2622,2000000
2623,4950000
2624,6400000
2625,2000000
2626,6750554
2627,6000000
2628,5200000
2629,6750554
2630,6750554
2631,2000000
2632,5200000
2633,6750554
2634,2000000
2635,4950000
2636,6750554
2637,6400000
2638,3846600
2639,1000000
2640,5200000
2641,2000000
2642,5200000
2643,1000000
2644,2000000
2645,27700000
2646,6750554
2647,9450000
2648,5200000
2649,2000000
2650,6750554
2651,9450000
2652,9450000
2653,9450000
2654,2000000
2655,6750554
2656,6750554
2657,6750554
2658,5200000
2659,2000000
2660,2000000
2661,2000000
2662,2000000
2663,4151600
2664,2000000
2665,6400000
2666,2000000
2667,9450000
2668,8000000
2669,6750554
2670,4950000
2671,8500000
2672,5313000
2673,4950000
2674,4950000
2675,2000000
2676,6400000
2677,7500000
2678,1000000
2679,27700000
2680,8500000
2681,9100000
2682,9500000
2683,6750554
2684,27700000
2685,5200000
2686,4950000
2687,2000000
2688,2000000
2689,4950000
2690,7000000
2691,2000000
2692,4950000
2693,5200000
2694,2000000
2695,4950000
2696,9450000
2697,8500000
2698,2000000
2699,5200000
2700,9450000
2701,6750554
2702,2000000
2703,4950000
2704,9450000
2705,6750554
2706,4950000
2707,4950000
2708,4950000
2709,5000000
2710,6750554
2711,2000000
2712,5200000
2713,6500000
2714,2940000
2715,1000000
2716,4950000
2717,2000000
2718,2000000
2719,6750554
2720,3846600
2721,7500000
2722,6750554
2723,2000000
2724,6000000
2725,2000000
2726,1000000
2727,2000000
2728,2000000
2729,2000000
2730,4950000
2731,6750554
2732,4950000
2733,9100000
2734,2000000
2735,2000000
2736,6750554
2737,4950000
2738,4950000
2739,5200000
2740,9450000
2741,3444000
2742,6750554
2743,6750554
2744,5225000
2745,6750554
2746,6750554
2747,6750554
2748,4950000
2749,2394300
2750,2000000
2751,4950000
2752,6750554
2753,4950000
2754,6750554
2755,8500000
2756,6850000
2757,11050000
2758,6750554
2759,6750554
2760,2000000
2761,6750554
2762,2000000
2763,2000000
2764,4400000
2765,2000000
2766,4950000
2767,4950000
2768,5200000
2769,5200000
2770,6750554
2771,6750554
2772,6400000
2773,6750554
2774,2000000
2775,2000000
2776,3010000
2777,2000000
2778,6750554
2779,6750554
2780,3000000
2781,2000000
2782,2000000
2783,7400000
2784,22052872
2785,5200000
2786,6750554
2787,2000000
2788,6750554
2789,2000000
2790,1000000
2791,6750554
2792,6400000
2793,2000000
2794,4950000
2795,9000000
2796,6750554
2797,6750554
2798,5200000
2799,2000000
2800,6750554
2801,1000000
2802,2000000
2803,6400000
2804,6750554
2805,2000000
2806,4950000
2807,1000000
2808,8500000
2809,2000000
2810,7975000
2811,2000000
2812,6400000
2813,6750554
2814,2000000
2815,5200000
2816,6750554
2817,5419300
2818,6750554
2819,6750554
2820,4950000
2821,4950000
2822,1000000
2823,7500000
2824,2000000
2825,2000000
2826,6750554
2827,2000000
2828,5200000
2829,7950000
2830,2000000
2831,4950000
2832,2000000
2833,2000000
2834,2000000
2835,4950000
2836,24000000
2837,4950000
2838,6750554
2839,4400000
2840,2000000
2841,7000000
2842,8500000
2843,6750554
2844,6750554
2845,6750554
2846,2000000
2847,6750554
2848,5200000
2849,6750554
2850,6750554
2851,2000000
2852,6750554
2853,9450000
2854,7500000
2855,10500000
2856,5200000
2857,2000000
2858,6750554
2859,2000000
2860,5200000
2861,10650000
2862,6750554
2863,6750554
2864,9500000
2865,6400000
2866,2000000
2867,8500000
2868,7789100
2869,6750554
2870,6000000
2871,9450000
2872,2000000
2873,6750554
2874,4950000
2875,4950000
2876,4400000
2877,2000000
2878,4950000
2879,6400000
2880,6750554
2881,5900000
2882,6750554
2883,11700000
2884,6750554
2885,2000000
2886,2000000
2887,2000000
2888,5200000
2889,6400000
2890,5909900
2891,2000000
2892,10200000
2893,4950000
2894,2000000
2895,2000000
2896,4950000
2897,7500000
2898,5200000
2899,9450000
2900,4950000
2901,4950000
2902,4950000
2903,2000000
2904,13500000
2905,2000000
2906,2000000
2907,6750554
2908,1000000
2909,2000000
2910,6750554
2911,3100000
2912,2000000
2913,2000000
2914,2000000
2915,6750554
2916,6800000
2917,6750554
2918,2000000
2919,3000000
2920,4400000
2921,2000000
2922,2000000
2923,6400000
2924,2000000
2925,14300000
2926,15200000
2927,11000000
2928,3550000
2929,2000000
2930,6750554
2931,2000000
2932,9450000
2933,6750554
2934,6750554
2935,6750554
2936,6400000
2937,6400000
2938,2000000
2939,5900000
2940,2000000
2941,2000000
2942,2000000
2943,6750554
2944,9450000
2945,2000000
2946,6750554
2947,2000000
2948,8500000
2949,3068450
2950,7500000
2951,6500000
2952,2000000
2953,14300000
2954,4950000
2955,6750554
2956,6750554
2957,6750554
2958,4950000
2959,2000000
2960,6750554
2961,8800000
2962,4400000
2963,7600000
2964,6750554
2965,1000000
2966,6750554
2967,6750554
2968,6750554
2969,6400000
2970,2000000
2971,6750554
2972,2000000
2973,6750554
2974,9450000
2975,2000000
2976,4950000
2977,6750554
2978,2000000
2979,6000000
2980,4950000
2981,2000000
2982,2000000
2983,5300000
2984,4860000
2985,3010000
2986,10600000
2987,2000000
2988,2000000
2989,4950000
2990,2000000
2991,4950000
2992,6750554
2993,6500000
2994,6750554
2995,6750554
2996,9450000
2997,2394300
2998,6750554
2999,2000000
3000,5200000
3001,3683706
3002,7500000
3003,10000000
3004,4950000
3005,2000000
3006,6750554
3007,9356400
3008,6750554
3009,6750554
3010,6750554
3011,2000000
3012,18300000
3013,6750554
3014,6750554
3015,2000000
3016,1000000
3017,8525000
3018,2000000
3019,6750554
3020,2000000
3021,6750554
3022,2000000
3023,2200000
3024,8500000
3025,8100000
3026,2000000
3027,10200547
3028,4950000
3029,2000000
3030,10000000
3031,8100000
3032,6750554
3033,2000000
3034,1000000
3035,4950000
3036,6750554
3037,7500000
3038,6750554
3039,2000000
3040,6750554
3041,6750554
3042,4950000
3043,9450000
3044,7400000
3045,9450000
3046,1000000
3047,2000000
3048,1000000
3049,6400000
3050,5796000
3051,4950000
3052,2000000
3053,6400000
3054,5200000
3055,1000000
3056,4950000
3057,4950000
3058,5200000
3059,4950000
3060,4500000
3061,2000000
3062,8500000
3063,4800000
3064,2000000
3065,6750554
3066,9750000
3067,2000000
3068,6750554
3069,2000000
3070,6750554
3071,6750554
3072,6750554
3073,2000000
3074,6750554
3075,2000000
3076,2000000
3077,2000000
3078,6750554
3079,6750554
3080,8500000
3081,2000000
3082,5200000
3083,6750554
3084,2000000
3085,10500000
3086,4950000
3087,2394300
3088,8500000
3089,2000000
3090,7000000
3091,1000000
3092,2000000
3093,6750554
3094,2394300
3095,4950000
3096,2000000
3097,2394300
3098,6750554
3099,6750554
3100,8500000
3101,6750554
3102,4950000
3103,2000000
3104,14000000
3105,2000000
3106,6750554
3107,6750554
3108,2000000
3109,6750554
3110,5200000
3111,5200000
3112,6000000
3113,2000000
3114,6750554
3115,7555204
3116,4950000
3117,12200000
3118,2000000
3119,6750554
3120,11000000
3121,6750554
3122,6400000
3123,2000000
3124,4950000
3125,7000000
3126,6750554
3127,4400000
3128,6750554
3129,2000000
3130,1000000
3131,8000000
3132,1000000
3133,2000000
3134,8550000
3135,6400000
3136,2000000
3137,6750554
3138,5200000
3139,6750554
3140,6000000
3141,6750554
3142,9450000
3143,6800000
3144,6750554
3145,2000000
3146,4400000
3147,2394300
3148,9000000
3149,6750554
3150,6750554
3151,1732252
3152,2000000
3153,6750554
3154,4950000
3155,2000000
3156,4950000
3157,2000000
3158,1000000
3159,4950000
3160,2000000
3161,2000000
3162,6750554
3163,6750554
3164,2000000
3165,2000000
3166,6750554
3167,8100000
3168,2000000
3169,6750554
3170,3486000
3171,4950000
3172,6750554
3173,4950000
3174,9450000
3175,7000000
3176,6750554
3177,6400000
3178,2000000
3179,6750554
3180,1000000
3181,6750554
3182,2000000
3183,2000000
3184,2000000
3185,9450000
3186,1000000
3187,6750554
3188,6750554
3189,7500000
3190,8500000
3191,2000000
3192,6000000
3193,5200000
3194,2000000
3195,6750554
3196,1000000
3197,6500000
3198,6750554
3199,6750554
3200,4950000
3201,2000000
3202,6750554
3203,6750554
3204,2000000
3205,6750554
3206,7500000
3207,2000000
3208,7500000
3209,2000000
3210,6750554
3211,6900000
3212,2000000
3213,6400000
3214,6750554
3215,2000000
3216,5100000
3217,2000000
3218,4950000
3219,6750554
3220,6300000
3221,4400000
3222,6750554
3223,5000000
3224,6750554
3225,12500000
3226,4950000
3227,6750554
3228,6750554
3229,10800000
3230,1200000
3231,9500000
3232,7700000
3233,6750554
3234,1000000
3235,7200000
3236,6000000
3237,2000000
3238,2000000
3239,6400000
3240,6750554
3241,6750554
3242,4400000
3243,2000000
3244,6750554
3245,6750554
3246,6750554
3247,6750554
3248,6750554
3249,5200000
3250,4950000
3251,5200000
3252,6750554
3253,2000000
3254,6750554
3255,5200000
3256,5200000
3257,2000000
3258,6750554
3259,6750554
3260,6400000
3261,6750554
3262,6750554
3263,2000000
3264,6750554
3265,2000000
3266,6750554
3267,6750554
3268,1000000
3269,2000000
3270,5000000
3271,2394300
3272,6750554
3273,6750554
3274,6400000
3275,6750554
3276,2000000
3277,6400000
3278,4950000
3279,22052872
3280,2000000
3281,6750554
3282,2000000
3283,4950000
3284,6400000
3285,6750554
3286,3444000
3287,4950000
3288,4950000
3289,5200000
3290,6750554
3291,6750554
3292,4950000
3293,15500000
3294,4950000
3295,1000000
3296,5200000
3297,1000000
3298,2000000
3299,6400000
3300,6592000
3301,5200000
3302,6400000
3303,6750554
3304,1000000
3305,2000000
3306,6750554
3307,6750554
3308,6750554
3309,6750554
3310,6750554
3311,2000000
3312,2000000
3313,8500000
3314,6750554
3315,6400000
3316,6000000
3317,2000000
3318,5200000
3319,2000000
3320,3846600
3321,4950000
3322,2000000
3323,2000000
3324,2000000
3325,6750554
3326,2000000
3327,2000000
3328,4950000
3329,6400000
3330,2000000
3331,4800000
3332,2000000
3333,9100000
3334,6750554
3335,2000000
3336,6500000
3337,2000000
3338,6750554
3339,1100000
3340,15550000
3341,2000000
3342,6750554
3343,7700000
3344,6750554
3345,5200000
3346,4800000
3347,2000000
3348,6750554
3349,6750554
3350,15000000
3351,6750554
3352,6750554
3353,6750554
3354,6750554
3355,2000000
3356,6750554
3357,6750554
3358,6750554
3359,6750554
3360,6750554
3361,6750554
3362,6750554
3363,6400000
3364,6750554
3365,6300000
3366,2000000
3367,2000000
3368,2000000
3369,6750554
3370,6750554
3371,6750554
3372,4400000
3373,6750554
3374,6400000
3375,2000000
3376,4400000
3377,5200000
3378,6750554
3379,6750554
3380,5500000
3381,2000000
3382,2394300
3383,2000000
3384,9450000
3385,6750554
3386,6750554
3387,4800000
3388,5200000
3389,5200000
3390,9450000
3391,6750554
3392,2000000
3393,6000000
3394,2000000
3395,6750554
3396,6750554
3397,6400000
3398,6750554
3399,2000000
3400,6750554
3401,6750554
3402,8500000
3403,2000000
3404,6100000
3405,1000000
3406,1000000
3407,9450000
3408,1000000
3409,6750554
3410,2000000
3411,6750554
3412,6750554
3413,6750554
3414,2000000
3415,2000000
3416,8500000
3417,7600000
3418,4000000
3419,2000000
3420,6750554
3421,6750554
3422,6750554
3423,6750554
3424,6325600
3425,6750554
3426,12000000
3427,2000000
3428,7400000
3429,6750554
3430,6400000
3431,4950000
3432,6400000
3433,6457416
3434,3865945
3435,6750554
3436,5200000
3437,4950000
3438,6750554
3439,2000000
3440,6750554
3441,2000000
3442,6750554
3443,6400000
3444,2000000
3445,6750554
3446,6750554
3447,6750554
3448,5200000
3449,10500000
3450,6750554
3451,10500000
3452,6750554
3453,6750554
3454,2000000
3455,12200000
3456,6400000
3457,6750554
3458,5200000
3459,6750554
3460,6000000
3461,2949976
3462,6750554
3463,4950000
3464,2000000
3465,3486000
3466,24000000
3467,2000000
3468,2000000
3469,2000000
3470,2000000
3471,2000000
3472,6500000
3473,6750554
3474,6750554
3475,4950000
3476,7100000
3477,5200000
3478,2000000
3479,8700000
3480,19800000
3481,4950000
3482,13400000
3483,6750554
3484,6750554
3485,4400000
3486,4400000
3487,2000000
3488,6750554
3489,6750554
3490,6400000
3491,6750554
3492,1000000
3493,6750554
3494,2000000
3495,6750554
3496,2000000
3497,5200000
3498,6750554
3499,6750554
3500,1000000
3501,2000000
3502,8500000
3503,6000000
3504,9450000
3505,6750554
3506,13000000
3507,6750554
3508,4500000
3509,6750554
3510,5200000
3511,2000000
3512,2000000
3513,5200000
3514,1000000
3515,6400000
3516,6750554
3517,5200000
3518,2949976
3519,27700000
3520,9500000
3521,6750554
3522,1000000
3523,2000000
3524,6750554
3525,5200000
3526,5200000
3527,3000000
3528,9450000
3529,5200000
3530,6750554
3531,6750554
3532,2000000
3533,6750554
3534,4950000
3535,9100000
3536,6750554
3537,6750554
3538,6750554
3539,2000000
3540,2000000
3541,6750554
3542,6457416
3543,14900000
3544,6750554
3545,6750554
3546,7500000
3547,8500000
3548,6400000
3549,6000000
3550,6750554
3551,6750554
3552,7800000
3553,2000000
3554,9450000
3555,3000000
3556,6750554
3557,6750554
3558,2000000
3559,6750554
3560,6750554
3561,6750554
3562,2000000
3563,1000000
3564,6750554
3565,6750554
3566,1000000
3567,6750554
3568,2000000
3569,6750554
3570,6750554
3571,11400000
3572,9450000
3573,6750554
3574,9100000
3575,6750554
3576,10200547
3577,6750554
3578,6750554
3579,6750554
3580,2000000
3581,5200000
3582,2000000
3583,5200000
3584,6750554
3585,4950000
3586,6750554
3587,6000000
3588,6750554
3589,2000000
3590,6750554
3591,4950000
3592,6750554
3593,9450000
3594,2000000
3595,6750554
3596,6750554
3597,2000000
3598,6750554
3599,5200000
3600,13500000
3601,4950000
3602,4950000
3603,6750554
3604,2000000
3605,6750554
3606,4950000
3607,6400000
3608,6750554
3609,2000000
3610,6750554
3611,2000000
3612,8500000
3613,4950000
3614,5000000
3615,5450000
3616,4950000
3617,6400000
3618,1000000
3619,6750554
3620,9450000
3621,6750554
3622,8500000
3623,2000000
3624,6750554
3625,2000000
3626,5500000
3627,6750554
3628,6000000
3629,2000000
3630,1732252
3631,6000000
3632,6400000
3633,6750554
3634,6750554
3635,2000000
3636,6750554
3637,5200000
3638,6750554
3639,4950000
3640,6400000
3641,6750554
3642,6750554
3643,6400000
3644,6750554
3645,9450000
3646,6750554
3647,6750554
3648,6750554
3649,6750554
3650,6400000
3651,4500000
3652,1000000
3653,3683706
3654,10550000
3655,6750554
3656,6750554
3657,15200000
3658,6750554
3659,15000000
3660,2000000
3661,6750554
3662,2000000
3663,4400000
3664,4950000
3665,2000000
3666,6400000
3667,6750554
3668,6400000
3669,6750554
3670,2000000
3671,5200000
3672,11300000
3673,1000000
3674,6750554
3675,5200000
3676,15500000
3677,4950000
3678,2000000
3679,6750554
3680,2000000
3681,6750554
3682,6750554
3683,9000000
3684,5419300
3685,6750554
3686,6400000
3687,6750554
3688,1000000
3689,6400000
3690,6750554
3691,2000000
3692,6750554
3693,6750554
3694,6750554
3695,6750554
3696,6750554
3697,6750554
3698,4950000
3699,8100000
3700,6750554
3701,6750554
3702,5200000
3703,9450000
3704,2000000
3705,6400000
3706,1000000
3707,6750554
3708,6750554
3709,6750554
3710,4950000
3711,8500000
3712,5000000
3713,5200000
3714,3865945
3715,4400000
3716,6000000
3717,2000000
3718,2000000
3719,5200000
3720,4950000
3721,6750554
3722,5200000
3723,6750554
3724,1000000
3725,6000000
3726,11300000
3727,5200000
3728,15000000
3729,8500000
3730,2000000
3731,2000000
3732,6750554
3733,5200000
3734,2000000
3735,6750554
3736,27700000
3737,3000000
3738,6000000
3739,2000000
3740,2000000
3741,1100000
3742,6750554
3743,2000000
3744,6750554
3745,6750554
3746,5200000
3747,6750554
3748,4950000
3749,6750554
3750,8500000
3751,6750554
3752,2000000
3753,9450000
3754,2000000
3755,9450000
3756,6750554
3757,6400000
3758,4950000
3759,2000000
3760,6750554
3761,4950000
3762,4950000
3763,2000000
3764,2000000
3765,1000000
3766,5200000
3767,2000000
3768,5200000
3769,6750554
3770,6750554
3771,4950000
3772,8500000
3773,22052872
3774,5200000
3775,4950000
3776,9450000
3777,2000000
3778,6750554
3779,6750554
3780,6750554
3781,5200000
3782,2000000
3783,6750554
3784,5200000
3785,6750554
3786,6750554
3787,2000000
3788,6750554
3789,4950000
3790,1000000
3791,7400000
3792,2000000
3793,2000000
3794,2000000
3795,2000000
3796,2000000
3797,9450000
3798,13500000
3799,5200000
3800,2000000
3801,4950000
3802,9400000
3803,6750554
3804,6750554
3805,14000000
3806,4400000
3807,1000000
3808,6750554
3809,2000000
3810,2000000
3811,5200000
3812,5225000
3813,4950000
3814,5200000
3815,2000000
3816,9450000
3817,2000000
3818,6750554
3819,6750554
3820,2000000
3821,9450000
3822,6300000
3823,6750554
3824,2000000
3825,2000000
3826,2000000
3827,2000000
3828,6750554
3829,2000000
3830,6750554
3831,13605000
3832,2000000
3833,2000000
3834,2000000
3835,5850000
3836,9450000
3837,6750554
3838,1000000
3839,2000000
3840,8500000
3841,2000000
3842,2000000
3843,4950000
3844,5200000
3845,6750554
3846,2000000
3847,2422315
3848,6750554
3849,4950000
3850,2000000
3851,6750554
3852,8500000
3853,2000000
3854,6750554
3855,9989788
3856,2000000
3857,6750554
3858,8500000
3859,4950000
3860,5200000
3861,6750554
3862,7000000
3863,2000000
3864,8500000
3865,2000000
3866,2000000
3867,4950000
3868,2000000
3869,5200000
3870,2000000
3871,8070000
3872,6750554
3873,4950000
3874,4950000
3875,6750554
3876,6750554
3877,3846600
3878,1000000
3879,6750554
3880,6750554
3881,2000000
3882,2000000
3883,6750554
3884,1200000
3885,6750554
3886,2000000
3887,6750554
3888,6750554
3889,6750554
3890,2000000
3891,6750554
3892,2000000
3893,2000000
3894,5000000
3895,1000000
3896,5800000
3897,2000000
3898,6750554
3899,7500000
3900,2000000
3901,4950000
3902,2000000
3903,6750554
3904,6750554
3905,6750554
3906,2000000
3907,3444000
3908,6750554
3909,2000000
3910,9000000
3911,6750554
3912,7500000
3913,5300000
3914,2000000
3915,6350000
3916,6750554
3917,4400000
3918,5200000
3919,4950000
3920,3846600
3921,2000000
3922,2000000
3923,3023300
3924,6750554
3925,10600000
3926,9900000
3927,4950000
3928,5200000
3929,4950000
3930,2000000
3931,2000000
3932,6750554
3933,6750554
3934,6750554
3935,8500000
3936,8700000
3937,2000000
3938,6400000
3939,6750554
3940,2000000
3941,2394300
3942,6750554
3943,4950000
3944,2000000
3945,6600000
3946,6750554
3947,6750554
3948,6000000
3949,5200000
3950,7500000
3951,6000000
3952,5150000
3953,4950000
3954,2000000
3955,7400000
3956,9000000
3957,5200000
3958,6750554
3959,6750554
3960,5200000
3961,5300000
3962,7500000
3963,6750554
3964,6750554
3965,6400000
3966,2000000
3967,1000000
3968,6000000
3969,5200000
3970,4950000
3971,2000000
3972,1000000
3973,6750554
3974,6750554
3975,9100000
3976,9450000
3977,6400000
3978,2000000
3979,6750554
3980,7400000
3981,6500000
3982,6400000
3983,10000000
3984,6750554
3985,6750554
3986,4950000
3987,6400000
3988,6400000
3989,5200000
3990,4950000
3991,2000000
3992,6750554
3993,7400000
3994,1000000
3995,9450000
3996,5200000
3997,6750554
3998,6000000
3999,6750554
4000,2000000
4001,4950000
4002,6750554
4003,6750554
4004,2000000
4005,6750554
4006,4950000
4007,11000000
4008,2000000
4009,7500000
4010,2000000
4011,2884032
4012,1000000
4013,6750554
4014,2000000
4015,4950000
4016,8500000
4017,9450000
4018,6750554
4019,6750554
4020,8500000
4021,9450000
4022,2000000
4023,5200000
4024,7000000
4025,22052872
4026,5397700
4027,27700000
4028,5200000
4029,6750554
4030,2000000
4031,4950000
4032,6750554
4033,6750554
4034,2000000
4035,4950000
4036,27700000
4037,2000000
4038,2000000
4039,4950000
4040,5200000
4041,2000000
4042,3000000
4043,2000000
4044,5200000
4045,6750554
4046,6750554
4047,2000000
4048,8500000
4049,4950000
4050,2000000
4051,5200000
4052,7000000
4053,2000000
4054,6750554
4055,6750554
4056,2000000
4057,6750554
4058,6750554
4059,2000000
4060,6750554
4061,6750554
4062,9450000
4063,6750554
4064,6500000
4065,7400000
4066,9450000
4067,8100000
4068,6750554
4069,9450000
4070,5200000
4071,6750554
4072,3010000
4073,6750554
4074,2000000
4075,4950000
4076,1000000
4077,2000000
4078,7500000
4079,2000000
4080,5200000
4081,9000000
4082,7800000
4083,1000000
4084,4950000
4085,2000000
4086,2000000
4087,2000000
4088,8070000
4089,1000000
4090,2000000
4091,5200000
4092,2000000
4093,6325600
4094,4950000
4095,1000000
4096,3486000
4097,5852000
4098,2000000
4099,2000000
4100,6750554
4101,4950000
4102,3561990
4103,6750554
4104,4950000
4105,1000000
4106,6750554
4107,6500000
4108,2000000
4109,6750554
4110,6750554
4111,6400000
4112,2394300
4113,15850000
4114,5200000
4115,6750554
4116,2000000
4117,2000000
4118,6000000
4119,4838066
4120,2000000
4121,6750554
4122,6750554
4123,8650000
4124,4950000
4125,5200000
4126,2000000
4127,2000000
4128,6400000
4129,6750554
4130,3865945
4131,6750554
4132,5200000
4133,6400000
4134,2000000
4135,2000000
4136,6000000
4137,8100000
4138,6750554
4139,11300000
4140,6750554
4141,6000000
4142,6750554
4143,2000000
4144,2000000
4145,6750554
4146,4900000
4147,1000000
4148,5300000
4149,2000000
4150,2000000
4151,6750554
4152,6750554
4153,5419300
4154,5200000
4155,1732252
4156,3846600
4157,2000000
4158,22052872
4159,4950000
4160,6500000
4161,5419300
4162,2000000
4163,2000000
4164,4950000
4165,4950000
4166,6750554
4167,5200000
4168,2000000
4169,6400000
4170,9450000
4171,6000000
4172,6750554
4173,5200000
4174,2000000
4175,6750554
4176,4950000
4177,2000000
4178,4950000
4179,9000000
4180,6750554
4181,6750554
4182,6750554
4183,6750554
4184,6750554
4185,2000000
4186,4950000
4187,9450000
4188,6750554
4189,2000000
4190,6750554
4191,6750554
4192,6750554
4193,6750554
4194,5200000
4195,9450000
4196,2000000
4197,5000000
4198,6750554
4199,1000000
4200,7000000
4201,2000000
4202,6750554
4203,2000000
4204,6400000
4205,2000000
4206,2000000
4207,6750554
4208,5200000
4209,6400000
4210,5200000
4211,6750554
4212,4950000
4213,2000000
4214,3010000
4215,2000000
4216,2000000
4217,2000000
4218,2000000
4219,5200000
4220,2000000
4221,2000000
4222,6400000
4223,6750554
4224,4950000
4225,6750554
4226,2000000
4227,2000000
4228,2000000
4229,6457416
4230,6750554
4231,4950000
4232,2000000
4233,4400000
4234,5200000
4235,2000000
4236,6750554
4237,5186850
4238,6750554
4239,6750554
4240,4950000
4241,5200000
4242,27700000
4243,1000000
4244,4950000
4245,5200000
4246,8100000
4247,2000000
4248,5200000
4249,6750554
4250,1000000
4251,2000000
4252,5200000
4253,4950000
4254,6750554
4255,6750554
4256,6750554
4257,6750554
4258,6750554
4259,6750554
4260,2000000
4261,9450000
4262,6750554
4263,2000000
4264,8500000
4265,2000000
4266,1000000
4267,6750554
4268,4950000
4269,6750554
4270,5200000
4271,2000000
4272,6750554
4273,6750554
4274,2000000
4275,2000000
4276,5200000
4277,5200000
4278,6750554
4279,6750554
4280,2000000
4281,4950000
4282,4400000
4283,5200000
4284,5000000
4285,6400000
4286,6750554
4287,6750554
4288,4950000
4289,8500000
4290,6750554
4291,6000000
4292,6750554
4293,9989788
4294,5200000
4295,6750554
4296,2000000
4297,6091200
4298,1000000
4299,6400000
4300,6750554
4301,6750554
4302,6750554
4303,6750554
4304,6400000
4305,6400000
4306,2000000
4307,2000000
4308,6750554
4309,6750554
4310,6750554
4311,1000000
4312,6750554
4313,6750554
4314,2000000
4315,7800000
4316,5200000
4317,4950000
4318,6750554
4319,1000000
4320,27700000
4321,4950000
4322,4950000
4323,2000000
4324,4950000
4325,9450000
4326,6750554
4327,6400000
4328,6750554
4329,6750554
4330,6750554
4331,6750554
4332,7700000
4333,6750554
4334,1000000
4335,6750554
4336,2000000
4337,6750554
4338,3865945
4339,5200000
4340,5200000
4341,2000000
4342,8500000
4343,9300000
4344,7000000
4345,2000000
4346,6750554
4347,1000000
4348,5200000
4349,4950000
4350,2000000
4351,5397700
4352,6750554
4353,4950000
4354,6750554
4355,1000000
4356,9450000
4357,5200000
4358,6750554
4359,6300000
4360,9450000
4361,1000000
4362,6750554
4363,6750554
4364,10650000
4365,4950000
4366,24000000
4367,1000000
4368,6100000
4369,6500000
4370,4950000
4371,4950000
4372,2000000
4373,4950000
4374,6750554
4375,5200000
4376,4950000
4377,2000000
4378,2000000
4379,6750554
4380,6750554
4381,6750554
4382,8500000
4383,1000000
4384,2000000
4385,2000000
4386,6750554
4387,2000000
4388,4950000
4389,2000000
4390,2000000
4391,6750554
4392,4800000
4393,2000000
4394,6750554
4395,8250000
4396,2000000
4397,5200000
4398,4950000
4399,4950000
4400,8500000
4401,6750554
4402,6750554
4403,2000000
4404,4950000
4405,6000000
4406,4950000
4407,8500000
4408,7500000
4409,6750554
4410,4950000
4411,2000000
4412,2000000
4413,4950000
4414,4950000
4415,6750554
4416,6400000
4417,6750554
4418,9450000
4419,6750554
4420,9450000
4421,4950000
4422,3010000
4423,6750554
4424,7500000
4425,7500000
4426,5200000
4427,4950000
4428,8700000
4429,4950000
4430,9450000
4431,2000000
4432,2000000
4433,8500000
4434,6750554
4435,5150000
4436,8700000
4437,6750554
4438,9450000
4439,1000000
4440,2000000
4441,6400000
4442,4800000
4443,6750554
4444,2000000
4445,5200000
4446,5200000
4447,1000000
4448,8500000
4449,4950000
4450,2000000
4451,10200000
4452,6750554
4453,2000000
4454,6750554
4455,1000000
4456,5200000
4457,8700000
4458,4950000
4459,5200000
4460,11700000
4461,6400000
4462,7500000
4463,2000000
4464,1000000
4465,9450000
4466,6750554
4467,2000000
4468,8500000
4469,5200000
4470,6750554
4471,2000000
4472,2000000
4473,5000000
4474,2000000
4475,2000000
4476,6750554
4477,2000000
4478,6750554
4479,2000000
4480,6750554
4481,2000000
4482,2000000
4483,6400000
4484,6750554
4485,8300000
4486,2000000
4487,2000000
4488,6750554
4489,7600000
4490,2000000
4491,4950000
4492,4950000
4493,4950000
4494,6500000
4495,2000000
4496,6750554
4497,3068450
4498,6750554
4499,8100000
4500,2000000
4501,10200000
4502,2000000
4503,2000000
4504,2000000
4505,2000000
4506,6750554
4507,6750554
4508,6000000
4509,7250000
4510,6000000
4511,6750554
4512,5200000
4513,6750554
4514,2000000
4515,2000000
4516,2394300
4517,4950000
4518,6750554
4519,6750554
4520,11500000
4521,4950000
4522,2000000
4523,6750554
4524,8500000
4525,4950000
4526,6750554
4527,6400000
4528,6800000
4529,6750554
4530,7320000
4531,4950000
4532,4950000
4533,2000000
4534,5200000
4535,4400000
4536,6750554
4537,6750554
4538,2000000
4539,2000000
4540,4950000
4541,2000000
4542,8500000
4543,2000000
4544,2000000
4545,2000000
4546,9000000
4547,2000000
4548,4800000
4549,5200000
4550,2000000
4551,6750554
4552,2394300
4553,2000000
4554,7500000
4555,5200000
4556,6750554
4557,4838066
4558,5200000
4559,5200000
4560,2000000
4561,6750554
4562,6750554
4563,2000000
4564,3486000
4565,3010000
4566,1000000
4567,2000000
4568,2000000
4569,2000000
4570,6750554
4571,9450000
4572,7100000
4573,5200000
4574,6000000
4575,2000000
4576,9450000
4577,7500000
4578,5200000
4579,2000000
4580,6750554
4581,2000000
4582,6750554
4583,7500000
4584,4400000
4585,6750554
4586,22500000
4587,6750554
4588,7500000
4589,5000000
4590,7500000
4591,4950000
4592,6800000
4593,2000000
4594,6750554
4595,2000000
4596,6750554
4597,3865945
4598,2422315
4599,6750554
4600,1000000
4601,8300000
4602,6400000
4603,8500000
4604,2940000
4605,6750554
4606,2000000
4607,2000000
4608,2000000
4609,3000000
4610,2000000
4611,2000000
4612,2000000
4613,2000000
4614,4950000
4615,6150000
4616,5200000
4617,2394300
4618,6750554
4619,2000000
4620,4950000
4621,1000000
4622,4950000
4623,5200000
4624,13605000
4625,6750554
4626,2000000
4627,6000000
4628,5750000
4629,2000000
4630,2000000
4631,6750554
4632,6750554
4633,6750554
4634,6750554
4635,5200000
4636,2000000
4637,3486000
4638,6750554
4639,5200000
4640,1000000
4641,2000000
4642,5200000
4643,6750554
4644,6750554
4645,6400000
4646,6400000
4647,6750554
4648,3865945
4649,2000000
4650,7700000
4651,4950000
4652,4950000
4653,6750554
4654,5200000
4655,2000000
4656,2000000
4657,2000000
4658,2000000
4659,6750554
4660,6750554
4661,4950000
4662,6581700
4663,6500000
4664,2000000
4665,6750554
4666,5200000
4667,5200000
4668,6750554
4669,9400000
4670,4950000
4671,7400000
4672,6750554
4673,1000000
4674,6750554
4675,2000000
4676,2000000
4677,6400000
4678,2000000
4679,1000000
4680,3486000
4681,4819000
4682,5200000
4683,6750554
4684,2000000
4685,2000000
4686,6750554
4687,8500000
4688,5200000
4689,5200000
4690,6750554
4691,6750554
4692,2000000
4693,6750554
4694,6750554
4695,2000000
4696,2000000
4697,1732252
4698,8100000
4699,2000000
4700,6750554
4701,9450000
4702,2000000
4703,6750554
4704,2000000
4705,4950000
4706,6750554
4707,5200000
4708,15000000
4709,2000000
4710,15000000
4711,6750554
4712,11500000
4713,6300000
4714,6750554
4715,1000000
4716,8100000
4717,2000000
4718,6750554
4719,7500000
4720,2000000
4721,2000000
4722,2000000
4723,24000000
4724,2000000
4725,6000000
4726,2000000
4727,2000000
4728,2000000
4729,6400000
4730,6750554
4731,2000000
4732,6750554
4733,6750554
4734,6750554
4735,2000000
4736,6457416
4737,11300000
4738,4950000
4739,3486000
4740,6750554
4741,4950000
4742,6750554
4743,9450000
4744,6750554
4745,2000000
4746,6750554
4747,2000000
4748,2000000
4749,1000000
4750,5000000
4751,6750554
4752,6750554
4753,6750554
4754,2000000
4755,5200000
4756,6300000
4757,4950000
4758,6750554
4759,2000000
4760,4950000
4761,6750554
4762,5200000
4763,9450000
4764,2000000
4765,6750554
4766,4800000
4767,3068450
4768,15200000
4769,2000000
4770,6750554
4771,9450000
4772,2000000
4773,5200000
4774,10000000
4775,6457416
4776,8500000
4777,6750554
4778,6750554
4779,3846600
4780,1000000
4781,5200000
4782,5200000
4783,6750554
4784,6750554
4785,2000000
4786,6750554
4787,6750554
4788,6750554
4789,2000000
4790,2000000
4791,6750554
4792,2000000
4793,5200000
4794,5000000
4795,5200000
4796,6750554
4797,5200000
4798,11150000
4799,6750554
4800,6750554
4801,4950000
4802,3846600
4803,2000000
4804,6750554
4805,2000000
4806,6750554
4807,6750554
4808,6750554
4809,2000000
4810,2000000
4811,6750554
4812,5200000
4813,6400000
4814,2000000
4815,2000000
4816,6750554
4817,6750554
4818,2000000
4819,2000000
4820,6750554
4821,6300000
4822,2000000
4823,6750554
4824,2000000
4825,2000000
4826,6750554
4827,2000000
4828,9450000
4829,6750554
4830,4740000
4831,11000000
4832,5200000
4833,7000000
4834,6750554
4835,7500000
4836,6750554
4837,6750554
4838,4950000
4839,3865945
4840,4950000
4841,2000000
4842,6750554
4843,6000000
4844,2000000
4845,6750554
4846,6750554
4847,1000000
4848,9450000
4849,6750554
4850,5000000
4851,2949976
4852,3200000
4853,4335100
4854,2000000
4855,6750554
4856,3274574
4857,2000000
4858,6750554
4859,6750554
4860,22052872
4861,2394300
4862,2000000
4863,6900000
4864,9450000
4865,6750554
4866,8500000
4867,2000000
4868,2000000
4869,2000000
4870,2000000
4871,1000000
4872,2000000
4873,6750554
4874,6400000
4875,6750554
4876,5500000
4877,2000000
4878,2000000
4879,6750554
4880,3000000
4881,3000000
4882,24000000
4883,4950000
4884,6750554
4885,2000000
4886,5200000
4887,6000000
4888,6750554
4889,9450000
4890,2000000
4891,9900000
4892,6750554
4893,6750554
4894,2000000
4895,6400000
4896,4950000
4897,8500000
4898,6750554
4899,2000000
4900,4950000
4901,2000000
4902,6750554
4903,4800000
4904,2000000
4905,6500000
4906,6750554
4907,2000000
4908,6750554
4909,6750554
4910,6750554
4911,6400000
4912,2000000
4913,80777440
4914,6750554
4915,2000000
4916,2000000
4917,4400000
4918,1000000
4919,2000000
4920,2000000
4921,2000000
4922,2000000
4923,6750554
4924,2000000
4925,5000000
4926,2000000
4927,9450000
4928,2000000
4929,2000000
4930,1000000
4931,6750554
4932,6000000
4933,2000000
4934,2000000
4935,6750554
4936,6750554
4937,2000000
4938,6750554
4939,2000000
4940,7400000
4941,6750554
4942,1000000
4943,10000000
4944,5200000
4945,6800000
4946,7500000
4947,6750554
4948,2000000
4949,2000000
4950,6750554
4951,5300000
4952,4950000
4953,5419300
4954,7500000
4955,6868818
4956,4950000
4957,2000000
4958,1000000
4959,2000000
4960,6750554
4961,6750554
4962,2000000
4963,15500000
4964,6750554
4965,6400000
4966,5200000
4967,6750554
4968,6750554
4969,6750554
4970,2000000
4971,11500000
4972,1000000
4973,10000000
4974,2000000
4975,5200000
4976,5200000
4977,6750554
4978,6750554
4979,4950000
4980,9450000
4981,24000000
4982,8500000
4983,6750554
4984,9450000
4985,9450000
4986,2000000
4987,2000000
4988,3010000
4989,2000000
4990,2000000
4991,2000000
4992,6750554
4993,6750554
4994,1000000
4995,2000000
4996,5200000
4997,7800000
4998,2000000
4999,5200000
5000,2000000
5001,2000000
5002,2000000
5003,2000000
5004,6750554
5005,8222642
5006,4950000
5007,6750554
5008,6750554
5009,9450000
5010,6750554
5011,6750554
5012,8500000
5013,10000000
5014,2000000
5015,4950000
5016,2000000
5017,6750554
5018,8300000
5019,2000000
5020,2000000
5021,2000000
5022,6750554
5023,1000000
5024,4950000
5025,9100000
5026,3865945
5027,2000000
5028,5200000
5029,1000000
5030,6000000
5031,2000000
5032,2000000
5033,6750554
5034,6750554
5035,2000000
5036,6750554
5037,1000000
5038,2000000
5039,2000000
5040,1000000
5041,6325600
5042,6000000
5043,14900000
5044,4500000
5045,6750554
5046,4950000
5047,6750554
5048,6750554
5049,11400000
5050,6750554
5051,2000000
5052,1000000
5053,5850000
5054,4950000
5055,6750554
5056,6000000
5057,6750554
5058,2000000
5059,6750554
5060,2000000
5061,2000000
5062,8500000
5063,6750554
5064,6750554
5065,8500000
5066,2000000
5067,6750554
5068,4950000
5069,6000000
5070,9000000
5071,7500000
5072,8500000
5073,5200000
5074,2000000
5075,2000000
5076,6750554
5077,2000000
5078,6750554
5079,9650000
5080,2000000
5081,2000000
5082,4400000
5083,8500000
5084,9500000
5085,2000000
5086,6750554
5087,2000000
5088,2000000
5089,2000000
5090,6000000
5091,2394300
5092,6750554
5093,7000000
5094,6400000
5095,10000000
5096,5200000
5097,9000000
5098,2000000
5099,6750554
5100,6750554
5101,6750554
5102,6000000
5103,6500000
5104,2394300
5105,5200000
5106,5200000
5107,2000000
5108,7500000
5109,8500000
5110,3865945
5111,6750554
5112,8500000
5113,6750554
5114,4950000
5115,2000000
5116,2000000
5117,6750554
5118,4500000
5119,5200000
5120,6000000
5121,2000000
5122,8500000
5123,2000000
5124,1000000
5125,2000000
5126,4150000
5127,2000000
5128,9450000
5129,5000000
5130,8000000
5131,4950000
5132,4950000
5133,8500000
5134,3444000
5135,3208194
5136,6750554
5137,5200000
5138,2000000
5139,6750554
5140,4950000
5141,6750554
5142,2000000
5143,2394300
5144,7500000
5145,6750554
5146,6000000
5147,1000000
5148,2000000
5149,6750554
5150,9450000
5151,2000000
5152,2394300
5153,5000000
5154,2000000
5155,6750554
5156,2000000
5157,9450000
5158,2000000
5159,2000000
5160,4950000
5161,4950000
5162,4950000
5163,6750554
5164,2000000
5165,6750554
5166,2394300
5167,2000000
5168,13400000
5169,8500000
5170,8500000
5171,6750554
5172,8500000
5173,6457416
5174,6750554
5175,6750554
5176,6750554
5177,9450000
5178,5600000
5179,5200000
5180,6750554
5181,2422315
5182,2000000
5183,2000000
5184,6750554
5185,6750554
5186,4950000
5187,2000000
5188,6750554
5189,6750554
5190,2000000
5191,1000000
5192,2000000
5193,5313000
5194,5200000
5195,6457416
5196,2000000
5197,6750554
5198,6750554
5199,4950000
5200,4950000
5201,6750554
5202,5200000
5203,8300000
5204,6750554
5205,6750554
5206,24000000
5207,2000000
5208,6400000
5209,2000000
5210,6750554
5211,1000000
5212,7500000
5213,2000000
5214,6750554
5215,1000000
5216,5200000
5217,3000000
5218,6750554
5219,2000000
5220,4400000
5221,2000000
5222,6750554
5223,8500000
5224,5200000
5225,1000000
5226,2000000
5227,8100000
5228,7000000
5229,5200000
5230,6400000
5231,2000000
5232,6750554
5233,2000000
5234,6750554
5235,6750554
5236,6750554
5237,6400000
5238,4950000
5239,2000000
5240,2000000
5241,6750554
5242,9450000
5243,2000000
5244,2000000
5245,4950000
5246,6750554
5247,8500000
5248,4950000
5249,6750554
5250,5000000
5251,6750554
5252,5909900
5253,2000000
5254,2000000
5255,6750554
5256,7200000
5257,3010000
5258,2000000
5259,2000000
5260,6000000
5261,10200000
5262,5200000
5263,4950000
5264,4400000
5265,5200000
5266,2000000
5267,2000000
5268,6750554
5269,2000000
5270,4950000
5271,5200000
5272,6750554
5273,6750554
5274,4900000
5275,6750554
5276,5200000
5277,6750554
5278,5200000
5279,2000000
5280,4950000
5281,4950000
5282,2000000
5283,2000000
5284,4462000
5285,8400000
5286,5000000
5287,6750554
5288,8650000
5289,2000000
5290,8650000
5291,6750554
5292,3480000
5293,2000000
5294,6750554
5295,5200000
5296,1000000
5297,3846600
5298,4950000
5299,6750554
5300,5200000
5301,6750554
5302,6750554
5303,7500000
5304,2000000
5305,4500000
5306,2000000
5307,6750554
5308,2000000
5309,6457416
5310,6070000
5311,2000000
5312,2000000
5313,2000000
5314,8100000
5315,4950000
5316,5200000
5317,1000000
5318,6750554
5319,6750554
5320,11700000
5321,5200000
5322,4950000
5323,2000000
5324,6750554
5325,6750554
5326,1000000
5327,2000000
5328,6750554
5329,6750554
5330,4950000
5331,6750554
5332,4950000
5333,7500000
5334,3000000
5335,2000000
5336,4950000
5337,6750554
5338,1000000
5339,6750554
5340,6750554
5341,2000000
5342,6750554
5343,5200000
5344,9450000
5345,2000000
5346,6400000
5347,1000000
5348,2000000
5349,6400000
5350,2000000
5351,6500000
5352,2000000
5353,2000000
5354,6750554
5355,6750554
5356,5200000
5357,1000000
5358,2000000
5359,4950000
5360,3846600
5361,5000000
5362,9450000
5363,7500000
5364,9100000
5365,6750554
5366,5200000
5367,6750554
5368,2000000
5369,6750554
5370,8500000
5371,2000000
5372,2000000
5373,2000000
5374,2000000
5375,6750554
5376,1000000
5377,8500000
5378,2000000
5379,6750554
5380,2000000
5381,5200000
5382,6750554
5383,11731927
5384,6750554
5385,6500000
5386,2000000
5387,6400000
5388,2000000
5389,6750554
5390,7870000
5391,2000000
5392,2000000
5393,6500000
5394,7200000
5395,6750554
5396,2000000
5397,6750554
5398,2000000
5399,2000000
5400,2000000
5401,4950000
5402,6750554
5403,5750000
5404,6400000
5405,5200000
5406,6750554
5407,4950000
5408,2000000
5409,2000000
5410,6750554
5411,8100000
5412,6750554
5413,5200000
5414,1000000
5415,6750554
5416,2000000
5417,5200000
5418,4950000
5419,6457416
5420,2000000
5421,5200000
5422,2394300
5423,2000000
5424,5200000
5425,1000000
5426,6750554
5427,6750554
5428,6750554
5429,4800000
5430,6000000
5431,7500000
5432,2000000
5433,6750554
5434,11000000
5435,4500000
5436,6750554
5437,8500000
5438,6750554
5439,2000000
5440,9450000
5441,4950000
5442,4950000
5443,4400000
5444,2000000
5445,9300000
5446,5450000
5447,5100000
5448,6750554
5449,6750554
5450,6750554
5451,6000000
5452,9000000
5453,6750554
5454,6457416
5455,6400000
5456,9450000
5457,2000000
5458,6750554
5459,2000000
5460,3846600
5461,2000000
5462,2000000
5463,2000000
5464,5200000
5465,6000000
5466,2000000
5467,2000000
5468,6750554
5469,1000000
5470,8222642
5471,1000000
5472,4950000
5473,2000000
5474,6750554
5475,2000000
5476,1000000
5477,6750554
5478,4950000
5479,6750554
5480,6750554
5481,6750554
5482,5200000
5483,10100000
5484,6750554
5485,1000000
5486,2000000
5487,4860000
5488,5852000
5489,6750554
5490,4950000
5491,5900000
5492,2000000
5493,2000000
5494,7400000
5495,2000000
5496,6750554
5497,2000000
5498,6400000
5499,8100000
5500,2000000
5501,6750554
5502,8222642
5503,4950000
5504,6750554
5505,6750554
5506,2000000
5507,2000000
5508,6750554
5509,2000000
5510,2000000
5511,6750554
5512,5200000
5513,6750554
5514,2000000
5515,2000000
5516,1000000
5517,2000000
5518,6750554
5519,4950000
5520,6750554
5521,2000000
5522,2000000
5523,2000000
5524,7500000
5525,2000000
5526,2000000
5527,9500000
5528,2000000
5529,2000000
5530,6750554
5531,4950000
5532,2000000
5533,6750554
5534,4800000
5535,8500000
5536,2000000
5537,2000000
5538,6750554
5539,5200000
5540,6750554
5541,6750554
5542,6750554
5543,6750554
5544,6750554
5545,6750554
5546,7800000
5547,2000000
5548,2000000
5549,6750554
5550,6750554
5551,1000000
5552,6750554
5553,5200000
5554,1000000
5555,2000000
5556,1000000
5557,7500000
5558,3486000
5559,6750554
5560,2000000
5561,6400000
5562,4950000
5563,3486000
5564,6400000
5565,6750554
5566,6750554
5567,4950000
5568,6750554
5569,6750554
5570,2000000
5571,1100000
5572,6750554
5573,2000000
5574,6750554
5575,6400000
5576,9100000
5577,6400000
5578,7000000
5579,7700000
5580,6750554
5581,6750554
5582,2000000
5583,6750554
5584,4400000
5585,9450000
5586,6750554
5587,4950000
5588,6750554
5589,2000000
5590,6750554
5591,6750554
5592,6400000
5593,2000000
5594,5200000
5595,4400000
5596,2000000
5597,2000000
5598,6400000
5599,2000000
5600,2000000
5601,7400000
5602,4950000
5603,2000000
5604,2422315
5605,6750554
5606,6750554
5607,5500000
5608,5200000
5609,5900000
5610,5750000
5611,2000000
5612,2000000
5613,6750554
5614,6750554
5615,6750554
5616,6750554
5617,6750554
5618,2000000
5619,8500000
5620,6750554
5621,4950000
5622,1000000
5623,8150000
5624,4950000
5625,6750554
5626,6750554
5627,6750554
5628,2000000
5629,8100000
5630,6750554
5631,2000000
5632,2000000
5633,6750554
5634,8500000
5635,2000000
5636,9450000
5637,5200000
5638,1732252
5639,2000000
5640,2000000
5641,8200000
5642,5200000
5643,6000000
5644,4950000
5645,8100000
5646,2000000
5647,6750554
5648,2000000
5649,2000000
5650,2000000
5651,6750554
5652,2000000
5653,4400000
5654,4950000
5655,7000000
5656,6750554
5657,2000000
5658,2000000
5659,7000000
5660,6750554
5661,2000000
5662,2000000
5663,4950000
5664,2000000
5665,9450000
5666,4950000
5667,7400000
5668,2000000
5669,2000000
5670,6750554
5671,2000000
5672,6750554
5673,4950000
5674,6750554
5675,6750554
5676,6000000
5677,5200000
5678,2000000
5679,2000000
5680,27700000
5681,6750554
5682,2000000
5683,5200000
5684,2000000
5685,2000000
5686,8500000
5687,6000000
5688,6750554
5689,8100000
5690,2949976
5691,2000000
5692,2000000
5693,4950000
5694,6400000
5695,4950000
5696,1000000
5697,2000000
5698,2000000
5699,6750554
5700,6750554
5701,6750554
5702,4992374
5703,4950000
5704,2000000
5705,2000000
5706,6750554
5707,6000000
5708,1000000
5709,2000000
5710,2000000
5711,6150000
5712,6750554
5713,2000000
5714,4950000
5715,2000000
5716,3846600
5717,6750554
5718,6750554
5719,6750554
5720,8500000
5721,2000000
5722,2000000
5723,6750554
5724,2000000
5725,27700000
5726,8500000
5727,9450000
5728,6750554
5729,3865945
5730,2000000
5731,2000000
5732,2000000
5733,4950000
5734,11500000
5735,2000000
5736,6750554
5737,2000000
5738,6750554
5739,6750554
5740,6750554
5741,9000000
5742,2000000
5743,5800000
5744,2000000
5745,5200000
5746,2000000
5747,2000000
5748,4950000
5749,4950000
5750,6750554
5751,3250000
5752,4500000
5753,4950000
5754,6750554
5755,2000000
5756,4950000
5757,5200000
5758,2000000
5759,2000000
5760,2000000
5761,9450000
5762,2000000
5763,6750554
5764,4950000
5765,4400000
5766,8800000
5767,9450000
5768,2000000
5769,2000000
5770,2000000
5771,6750554
5772,2000000
5773,2000000
5774,1000000
5775,2000000
5776,2000000
5777,4950000
5778,4950000
5779,6750554
5780,5200000
5781,6750554
5782,4950000
5783,5200000
5784,6000000
5785,4950000
5786,6750554
5787,5200000
5788,2000000
5789,6000000
5790,6500000
5791,5200000
5792,6750554
5793,8500000
5794,2000000
5795,2000000
5796,1000000
5797,6750554
5798,17035200
5799,6750554
5800,4950000
5801,9500000
5802,6750554
5803,8500000
5804,5200000
5805,7500000
5806,6400000
5807,6400000
5808,4800000
5809,6750554
5810,6750554
5811,7450000
5812,6200000
5813,8500000
5814,4950000
5815,2000000
5816,2000000
5817,4950000
5818,6750554
5819,2000000
5820,2000000
5821,5200000
5822,7500000
5823,2000000
5824,1000000
5825,4950000
5826,6750554
5827,6000000
5828,10500000
5829,24300000
5830,2000000
5831,6400000
5832,2000000
5833,4950000
5834,8500000
5835,12000000
5836,6750554
5837,2000000
5838,2000000
5839,6750554
5840,6750554
5841,2000000
5842,6000000
5843,4400000
5844,6750554
5845,2000000
5846,4351147
5847,6750554
5848,2000000
5849,5200000
5850,2000000
5851,8500000
5852,6750554
5853,2000000
5854,6750554
5855,5200000
5856,6400000
5857,7400000
5858,7400000
5859,9450000
5860,8700000
5861,2000000
5862,6750554
5863,6750554
5864,4950000
5865,2000000
5866,6000000
5867,2949976
5868,2000000
5869,4400000
5870,4950000
5871,2000000
5872,1000000
5873,4950000
5874,6750554
5875,2000000
5876,3010000
5877,6150000
5878,5000000
5879,6750554
5880,5200000
5881,7500000
5882,4950000
5883,8500000
5884,6750554
5885,2000000
5886,9450000
5887,6750554
5888,2000000
5889,9450000
5890,5100000
5891,4950000
5892,2000000
5893,6750554
5894,6750554
5895,2000000
5896,5200000
5897,2000000
5898,8100000
5899,2000000
5900,9300000
5901,4950000
5902,7500000
5903,2000000
5904,6750554
5905,6750554
5906,2000000
5907,4950000
5908,2000000
5909,6750554
5910,6400000
5911,6750554
5912,9450000
5913,9450000
5914,4950000
5915,8500000
5916,9450000
5917,1000000
5918,4800000
5919,2000000
5920,6750554
5921,2000000
5922,6750554
5923,1000000
5924,4950000
5925,2000000
5926,2000000
5927,2000000
5928,12700000
5929,2000000
5930,6750554
5931,2000000
5932,2000000
5933,2000000
5934,9500000
5935,4950000
5936,6750554
5937,6750554
5938,6750554
5939,6000000
5940,2000000
5941,4950000
5942,6400000
5943,2000000
5944,5200000
5945,6750554
5946,6325600
5947,6750554
5948,6750554
5949,6750554
5950,6750554
5951,5200000
5952,6750554
5953,6750554
5954,2000000
5955,2000000
5956,1000000
5957,1000000
5958,2000000
5959,6750554
5960,2000000
5961,9450000
5962,4000000
5963,2000000
5964,2000000
5965,6750554
5966,6400000
5967,2000000
5968,22052872
5969,2000000
5970,6000000
5971,2000000
5972,2000000
5973,6750554
5974,2000000
5975,6750554
5976,1000000
5977,2000000
5978,4400000
5979,2000000
5980,4800000
5981,5200000
5982,4950000
5983,2000000
5984,22000000
5985,2000000
5986,2000000
5987,5000000
5988,6750554
5989,5700000
5990,2000000
5991,7500000
5992,2000000
5993,6750554
5994,1000000
5995,9450000
5996,2000000
5997,10200547
5998,8500000
5999,4950000
6000,6750554
6001,4800000
6002,4950000
6003,5200000
6004,8100000
6005,3000000
6006,2000000
6007,6750554
6008,2000000
6009,4950000
6010,9450000
6011,2000000
6012,8500000
6013,6750554
6014,2000000
6015,6750554
6016,8500000
6017,6750554
6018,2000000
6019,5700000
6020,2000000
6021,5200000
6022,8300000
6023,4950000
6024,2000000
6025,3000000
6026,5100000
6027,8500000
6028,8500000
6029,7200000
6030,4950000
6031,2000000
6032,2000000
6033,2000000
6034,6750554
6035,6400000
6036,80777440
6037,4950000
6038,6750554
6039,2000000
6040,8500000
6041,11600000
6042,6750554
6043,2000000
6044,6750554
6045,6000000
6046,6750554
6047,4950000
6048,6750554
6049,8100000
6050,6750554
6051,5200000
6052,3683706
6053,2000000
6054,5200000
6055,2000000
6056,27700000
6057,4950000
6058,6900000
6059,8500000
6060,6000000
6061,6750554
6062,1000000
6063,2000000
6064,2000000
6065,6400000
6066,2000000
6067,5200000
6068,4950000
6069,6750554
6070,2000000
6071,6000000
6072,5200000
6073,2000000
6074,2000000
6075,4400000
6076,2000000
6077,6500000
6078,6750554
6079,4950000
6080,1000000
6081,4950000
6082,6750554
6083,6300000
6084,3865945
6085,5200000
6086,2000000
6087,5200000
6088,6750554
6089,9450000
6090,1000000
6091,9900000
6092,2394300
6093,5250000
6094,2000000
6095,6500000
6096,4950000
6097,2000000
6098,5200000
6099,6500000
6100,1000000
6101,2000000
6102,2000000
6103,6750554
6104,6750554
6105,6750554
6106,2000000
6107,6750554
6108,5200000
6109,6400000
6110,4950000
6111,6750554
6112,2000000
6113,15000000
6114,3010000
6115,4950000
6116,6400000
6117,6400000
6118,4950000
6119,6750554
6120,6750554
6121,2000000
6122,5200000
6123,5000000
6124,1000000
6125,6750554
6126,5419300
6127,6000000
6128,6750554
6129,6457416
6130,2000000
6131,2000000
6132,6400000
6133,2000000
6134,6750554
6135,22052872
6136,9450000
6137,2000000
6138,8250000
6139,27700000
6140,6750554
6141,2000000
6142,6000000
6143,4950000
6144,5200000
6145,2000000
6146,6750554
6147,5200000
6148,2000000
6149,6750554
6150,6750554
6151,36000000
6152,2000000
6153,4950000
6154,4950000
6155,2000000
6156,5200000
6157,5200000
6158,6750554
6159,8500000
6160,2000000
6161,12000000
6162,5200000
6163,2000000
6164,4400000
6165,6750554
6166,2394300
6167,7500000
6168,2000000
6169,6500000
6170,6400000
6171,2000000
6172,6750554
6173,2000000
6174,2000000
6175,6750554
6176,4950000
6177,7500000
6178,2000000
6179,2000000
6180,6750554
6181,7500000
6182,6750554
6183,6400000
6184,5200000
6185,5200000
6186,6000000
6187,2000000
6188,4950000
6189,15000000
6190,6500000
6191,4950000
6192,6750554
6193,5200000
6194,6750554
6195,6750554
6196,2000000
6197,4000000
6198,6750554
6199,4950000
6200,22500000
6201,6750554
6202,2000000
6203,3010000
6204,1000000
6205,2000000
6206,9450000
6207,1000000
6208,6750554
6209,2000000
6210,6750554
6211,8500000
6212,2000000
6213,6750554
6214,2000000
6215,8600000
6216,4900000
6217,6750554
6218,22052872
6219,6750554
6220,9450000
6221,2000000
6222,6750554
6223,2000000
6224,2000000
6225,4950000
6226,6750554
6227,5200000
6228,2000000
6229,1000000
6230,2000000
6231,6750554
6232,6750554
6233,6750554
6234,8500000
6235,6400000
6236,6750554
6237,6750554
6238,5200000
6239,2000000
6240,4950000
6241,8500000
6242,2000000
6243,2000000
6244,5200000
6245,2000000
6246,8100000
6247,6750554
6248,2000000
6249,1000000
6250,2000000
6251,7500000
6252,4950000
6253,2000000
6254,6750554
6255,6750554
6256,2000000
6257,4950000
6258,6750554
6259,2000000
6260,14300000
6261,2000000
6262,1000000
6263,2000000
6264,2000000
6265,2000000
6266,4500000
6267,6750554
6268,2000000
6269,6000000
6270,8200000
6271,4950000
6272,2000000
6273,22052872
6274,4355165
6275,2000000
6276,2000000
6277,6300000
6278,2000000
6279,6000000
6280,2000000
6281,6750554
6282,8100000
6283,12300000
6284,4950000
6285,6750554
6286,1000000
6287,1000000
6288,2000000
6289,5200000
6290,6750554
6291,8100000
6292,15200000
6293,6750554
6294,2000000
6295,2000000
6296,2000000
6297,6400000
6298,6750554
6299,6750554
6300,4400000
6301,2000000
6302,2000000
6303,2000000
6304,15000000
6305,8500000
6306,3444000
6307,5600000
6308,9450000
6309,2000000
6310,4950000
6311,6750554
6312,2000000
6313,2000000
6314,6750554
6315,1000000
6316,5200000
6317,2000000
6318,9989788
6319,5200000
6320,6750554
6321,2000000
6322,2000000
6323,2000000
6324,5796000
6325,6750554
6326,8100000
6327,9450000
6328,4950000
6329,18300000
6330,5200000
6331,5200000
6332,10500000
6333,7500000
6334,6750554
6335,2000000
6336,4950000
6337,6750554
6338,6457416
6339,4950000
6340,2000000
6341,2000000
6342,6500000
6343,1000000
6344,2000000
6345,4950000
6346,5200000
6347,2000000
6348,2000000
6349,6750554
6350,2422315
6351,2000000
6352,6750554
6353,8900000
6354,2000000
6355,4950000
6356,2000000
6357,2000000
6358,6750554
6359,2000000
6360,2000000
6361,6750554
6362,4950000
6363,6750554
6364,6750554
6365,2000000
6366,4400000
6367,11150000
6368,6750554
6369,4950000
6370,7150000
6371,8500000
6372,2000000
6373,1000000
6374,8500000
6375,2000000
6376,2000000
6377,2000000
6378,7000000
6379,6100000
6380,2000000
6381,2000000
6382,6750554
6383,1000000
6384,5300000
6385,6750554
6386,6750554
6387,6750554
6388,2000000
6389,6750554
6390,13700000
6391,5419300
6392,2000000
6393,4400000
6394,6750554
6395,2884032
6396,6400000
6397,6750554
6398,6750554
6399,22052872
6400,7263300
6401,2000000
6402,6750554
6403,2000000
6404,2000000
6405,2000000
6406,2000000
6407,2000000
6408,9356400
6409,5200000
6410,2000000
6411,6750554
6412,7700000
6413,2000000
6414,9450000
6415,6100000
6416,6750554
6417,4950000
6418,5200000
6419,5200000
6420,1000000
6421,11500000
6422,6400000
6423,6750554
6424,2000000
6425,2000000
6426,4400000
6427,6750554
6428,6600000
6429,6091200
6430,6400000
6431,4950000
6432,5200000
6433,9150000
6434,2000000
6435,6750554
6436,4950000
6437,4335100
6438,15000000
6439,2000000
6440,6400000
6441,6000000
6442,2000000
6443,4950000
6444,8500000
6445,4950000
6446,5200000
6447,3000000
6448,2000000
6449,2000000
6450,2000000
6451,6750554
6452,4950000
6453,6750554
6454,4950000
6455,5200000
6456,2000000
6457,7800000
6458,1000000
6459,8650000
6460,6750554
6461,2000000
6462,9300000
6463,2000000
6464,9450000
6465,6400000
6466,2000000
6467,6750554
6468,6000000
6469,6400000
6470,1000000
6471,5622775
6472,4950000
6473,6750554
6474,6750554
6475,2000000
6476,6000000
6477,3010000
6478,2000000
6479,2000000
6480,4800000
6481,4950000
6482,6400000
6483,4950000
6484,2000000
6485,2000000
6486,2000000
6487,8300000
6488,6750554
6489,2000000
6490,2000000
6491,2000000
6492,6400000
6493,6900000
6494,6750554
6495,4950000
6496,7500000
6497,6750554
6498,5200000
6499,2000000
6500,6750554
6501,6400000
6502,2000000
6503,5200000
6504,2000000
6505,4800000
6506,9450000
6507,6750554
6508,5200000
6509,6400000
6510,4950000
6511,5200000
6512,3371225
6513,2000000
6514,2000000
6515,6750554
6516,7500000
6517,2000000
6518,6750554
6519,6400000
6520,2000000
6521,8100000
6522,6750554
6523,2000000
6524,2000000
6525,4950000
6526,2000000
6527,2000000
6528,6000000
6529,2000000
6530,2000000
6531,5200000
6532,6750554
6533,2000000
6534,6750554
6535,6400000
6536,7500000
6537,6400000
6538,6400000
6539,2000000
6540,2000000
6541,2000000
6542,2000000
6543,6750554
6544,2000000
6545,1000000
6546,6750554
6547,6750554
6548,5200000
6549,6750554
6550,1000000
6551,6592000
6552,6400000
6553,1000000
6554,6750554
6555,6091200
6556,2000000
6557,2000000
6558,6750554
6559,24000000
6560,2000000
6561,2000000
6562,6750554
6563,1000000
6564,1000000
6565,6400000
6566,2000000
6567,9800000
6568,1000000
6569,2000000
6570,2000000
6571,2000000
6572,6500000
6573,2000000
6574,5200000
6575,5000000
6576,4950000
6577,6750554
6578,4950000
6579,2000000
6580,2000000
6581,5200000
6582,5200000
6583,2000000
6584,1000000
6585,2000000
6586,2000000
6587,5000000
6588,6400000
6589,2000000
6590,2000000
6591,2000000
6592,6400000
6593,6750554
6594,2000000
6595,6400000
6596,4950000
6597,2000000
6598,8500000
6599,9450000
6600,2000000
6601,4950000
6602,42000000
6603,4950000
6604,6800000
6605,6750554
6606,6750554
6607,6750554
6608,6750554
6609,6750554
6610,6750554
6611,6750554
6612,4950000
6613,3444000
6614,2000000
6615,14000000
6616,6750554
6617,2000000
6618,6400000
6619,1050000
6620,2000000
6621,5200000
6622,2500000
6623,6750554
6624,6750554
6625,4950000
6626,4950000
6627,2000000
6628,2000000
6629,4950000
6630,6750554
6631,2000000
6632,6000000
6633,5700000
6634,6750554
6635,8500000
6636,6300000
6637,4950000
6638,8500000
6639,4950000
6640,6000000
6641,2000000
6642,6750554
6643,6750554
6644,6750554
6645,2000000
6646,5419300
6647,2000000
6648,2000000
6649,6750554
6650,6000000
6651,6750554
6652,1000000
6653,9450000
6654,2000000
6655,6900000
6656,2000000
6657,6750554
6658,2000000
6659,9450000
6660,6750554
6661,4800000
6662,6750554
6663,9450000
6664,9450000
6665,9450000
6666,6750554
6667,4950000
6668,6325600
6669,2000000
6670,1000000
6671,6750554
6672,6400000
6673,5200000
6674,8500000
6675,2000000
6676,2000000
6677,9000000
6678,10200547
6679,6300000
6680,2000000
6681,2000000
6682,2000000
6683,2000000
6684,4800000
6685,8300000
6686,6750554
6687,7950000
6688,2000000
6689,6750554
6690,2000000
6691,8500000
6692,5200000
6693,5200000
6694,2000000
6695,2000000
6696,2000000
6697,2000000
6698,4400000
6699,5200000
6700,2000000
6701,6750554
6702,8300000
6703,6750554
6704,2000000
6705,4950000
6706,1000000
6707,7500000
6708,2000000
6709,2000000
6710,9450000
6711,4950000
6712,2000000
6713,6750554
6714,4400000
6715,5200000
6716,6400000
6717,1000000
6718,2000000
6719,6750554
6720,5000000
6721,8500000
6722,6750554
6723,4950000
6724,6750554
6725,6750554
6726,1000000
6727,2000000
6728,6750554
6729,2000000
6730,4950000
6731,2000000
6732,11300000
6733,6300000
6734,2000000
6735,5000000
6736,2000000
6737,6750554
6738,2000000
6739,2000000
6740,2000000
6741,6750554
6742,6272000
6743,2000000
6744,8300000
6745,3000000
6746,2000000
6747,6750554
6748,2000000
6749,6750554
6750,6750554
6751,3846600
6752,2000000
6753,14900000
6754,7000000
6755,2000000
6756,9450000
6757,2000000
6758,6750554
6759,2000000
6760,9300000
6761,27700000
6762,6750554
6763,8500000
6764,1000000
6765,9450000
6766,2000000
6767,4950000
6768,8500000
6769,3527680
6770,4550000
6771,6750554
6772,4800000
6773,2000000
6774,2000000
6775,2394300
6776,6750554
6777,6400000
6778,1000000
6779,6750554
6780,6400000
6781,2000000
6782,1000000
6783,6581700
6784,6500000
6785,2000000
6786,10200547
6787,9450000
6788,2000000
6789,6000000
6790,9450000
6791,2000000
6792,10500000
6793,7400000
6794,2000000
6795,6400000
6796,6400000
6797,6750554
6798,6750554
6799,6750554
6800,3000000
6801,2000000
6802,10000000
6803,2000000
6804,9450000
6805,8500000
6806,2000000
6807,6750554
6808,2000000
6809,5200000
6810,2000000
6811,4950000
6812,6750554
6813,11500000
6814,9450000
6815,6750554
6816,2000000
6817,5000000
6818,2000000
6819,1000000
6820,14900000
6821,4950000
6822,6750554
6823,6750554
6824,6400000
6825,4950000
6826,2000000
6827,4950000
6828,2000000
6829,2000000
6830,4500000
6831,6500000
6832,5600000
6833,2000000
6834,8500000
6835,8500000
6836,6000000
6837,2000000
6838,5200000
6839,6400000
6840,2000000
6841,9450000
6842,7320000
6843,2000000
6844,5200000
6845,6750554
6846,1000000
6847,1000000
6848,2000000
6849,2000000
6850,6600000
6851,6750554
6852,4950000
6853,2000000
6854,4400000
6855,2000000
6856,7850000
6857,5200000
6858,2000000
6859,4950000
6860,6750554
6861,4950000
6862,2000000
6863,6750554
6864,6750554
6865,2000000
6866,2000000
6867,5200000
6868,8300000
6869,4950000
6870,2000000
6871,999000
6872,6750554
6873,2000000
6874,5200000
6875,2000000
6876,2000000
6877,9450000
6878,1000000
6879,4950000
6880,6400000
6881,2000000
6882,6750554
6883,2000000
6884,3068450
6885,5350000
6886,2000000
6887,4950000
6888,2000000
6889,2000000
6890,6750554
6891,5200000
6892,8100000
6893,1000000
6894,6800000
6895,9450000
6896,2000000
6897,2000000
6898,2000000
6899,2000000
6900,9300000
6901,5200000
6902,6750554
6903,3000000
6904,4950000
6905,2000000
6906,2000000
6907,4950000
6908,2000000
6909,7500000
6910,6750554
6911,6400000
6912,2000000
6913,4950000
6914,2000000
6915,3000000
6916,2000000
6917,7500000
6918,2000000
6919,6750554
6920,5500000
6921,6750554
6922,6200000
6923,5200000
6924,9300000
6925,6750554
6926,5900000
6927,6750554
6928,8650000
6929,8500000
6930,9450000
6931,5700000
6932,5200000
6933,5200000
6934,6400000
6935,14300000
6936,6400000
6937,6750554
6938,2394300
6939,5200000
6940,5200000
6941,6750554
6942,6750554
6943,6750554
6944,6750554
6945,4950000
6946,5000000
6947,3010000
6948,2000000
6949,2000000
6950,6750554
6951,6750554
6952,2000000
6953,6750554
6954,2000000
6955,2000000
6956,6750554
6957,4800000
6958,9450000
6959,2000000
6960,6750554
6961,1000000
6962,6400000
6963,6750554
6964,4400000
6965,1000000
6966,10000000
6967,6750554
6968,6750554
6969,4860000
6970,1000000
6971,6750554
6972,6750554
6973,7200000
6974,2000000
6975,2000000
6976,6750554
6977,2000000
6978,4400000
6979,2000000
6980,4800000
6981,2000000
6982,2000000
6983,6750554
6984,6750554
6985,2000000
6986,2000000
6987,8300000
6988,1000000
6989,6750554
6990,2000000
6991,2000000
6992,4950000
6993,2000000
6994,6750554
6995,6000000
6996,5500000
6997,8500000
6998,6750554
6999,9450000
7000,3000000
7001,2000000
7002,2500000
7003,5200000
7004,2000000
7005,6750554
7006,6750554
7007,2000000
7008,6000000
7009,2000000
7010,2000000
7011,6400000
7012,6750554
7013,5200000
7014,2000000
7015,8100000
7016,2000000
7017,5200000
7018,9450000
7019,6750554
7020,4400000
7021,9100000
7022,6750554
7023,8500000
7024,5200000
7025,2000000
7026,1000000
7027,5200000
7028,5200000
7029,2000000
7030,6750554
7031,4800000
7032,2000000
7033,1000000
7034,6750554
7035,10200000
7036,6750554
7037,6200000
7038,6750554
7039,4838066
7040,1000000
7041,6400000
7042,6750554
7043,1000000
7044,2000000
7045,2884032
7046,6750554
7047,8800000
7048,8100000
7049,1000000
7050,2000000
7051,2000000
7052,2000000
7053,6325600
7054,6750554
7055,6750554
7056,6750554
7057,2000000
7058,2000000
7059,8100000
7060,2000000
7061,2000000
7062,2000000
7063,3010000
7064,7400000
7065,27700000
7066,6750554
7067,4950000
7068,2000000
7069,3000000
7070,2000000
7071,4950000
7072,2000000
7073,7500000
7074,4950000
7075,6750554
7076,6400000
7077,4950000
7078,4500000
7079,6750554
7080,6750554
7081,2000000
7082,6750554
7083,9450000
7084,2000000
7085,2394300
7086,4950000
7087,6750554
7088,8100000
7089,9300000
7090,3486000
7091,2000000
7092,2000000
7093,2000000
7094,4950000
7095,2000000
7096,6750554
7097,2000000
7098,4950000
7099,5200000
7100,22000000
7101,4950000
7102,15200000
7103,6750554
7104,6750554
7105,6750554
7106,2000000
7107,6750554
7108,2000000
7109,10000000
7110,2000000
7111,4950000
7112,6000000
7113,6750554
7114,6750554
7115,6750554
7116,2000000
7117,24000000
7118,6000000
7119,6750554
7120,2000000
7121,2000000
7122,1000000
7123,4950000
7124,4950000
7125,22052872
7126,6400000
7127,5200000
7128,2000000
7129,2000000
7130,24000000
7131,2000000
7132,6750554
7133,9450000
7134,2000000
7135,4950000
7136,1000000
7137,9450000
7138,10950000
7139,4950000
7140,6750554
7141,6750554
7142,5200000
7143,6400000
7144,2000000
7145,5200000
7146,9450000
7147,6750554
7148,6750554
7149,6600000
7150,5200000
7151,6750554
7152,2000000
7153,3846600
7154,5200000
7155,2000000
7156,4950000
7157,2000000
7158,6750554
7159,6750554
7160,2000000
7161,6750554
7162,2000000
7163,2000000
7164,6750554
7165,6750554
7166,1000000
7167,15500000
7168,6750554
7169,6750554
7170,6750554
7171,2000000
7172,2000000
7173,6750554
7174,2000000
7175,2000000
7176,7400000
7177,6400000
7178,11150000
7179,2000000
7180,2000000
7181,3486000
7182,6750554
7183,2000000
7184,4000000
7185,9450000
7186,4950000
7187,6750554
7188,5300000
7189,1000000
7190,2000000
7191,2000000
7192,4950000
7193,2000000
7194,5350000
7195,6750554
7196,10200547
7197,8500000
7198,2000000
7199,5200000
7200,5200000
7201,6400000
7202,4950000
7203,4860000
7204,4950000
7205,8500000
7206,2000000
7207,6750554
7208,7088275
7209,3450000
7210,2000000
7211,4950000
7212,8070000
7213,6800000
7214,4950000
7215,6750554
7216,4950000
7217,6750554
7218,6500000
7219,4950000
7220,2000000
7221,6750554
7222,6750554
7223,2000000
7224,6500000
7225,1000000
7226,6750554
7227,6500000
7228,6750554
7229,6400000
7230,9000000
7231,5200000
7232,2500000
7233,2000000
7234,4950000
7235,6750554
7236,2000000
7237,2000000
7238,2000000
7239,6750554
7240,7500000
7241,2000000
7242,1000000
7243,2000000
7244,6750554
7245,6750554
7246,6750554
7247,8500000
7248,5700000
7249,6750554
7250,2000000
7251,5000000
7252,6750554
7253,2000000
7254,8100000
7255,2000000
7256,2000000
7257,4950000
7258,2000000
7259,24000000
7260,2000000
7261,1000000
7262,2000000
7263,5200000
7264,8500000
7265,6750554
7266,6750554
7267,2000000
7268,2000000
7269,7500000
7270,2000000
7271,6000000
7272,12250000
7273,6750554
7274,6750554
7275,2000000
7276,4950000
7277,6750554
7278,2000000
7279,2000000
7280,6400000
7281,4500000
7282,2000000
7283,11000000
7284,1000000
7285,8500000
7286,4544800
7287,2000000
7288,4000000
7289,14000000
7290,2000000
7291,6750554
7292,2000000
7293,5335000
7294,10200547
7295,6750554
7296,4950000
7297,2000000
7298,6750554
7299,1000000
7300,2000000
7301,6750554
7302,2000000
7303,6750554
7304,2000000
7305,4950000
7306,2000000
7307,3068450
7308,2000000
7309,6325600
7310,2000000
7311,2000000
7312,4950000
7313,5000000
7314,5200000
7315,2000000
7316,1732252
7317,6750554
7318,1732252
7319,2000000
7320,6750554
7321,6750554
7322,2000000
7323,2000000
7324,2000000
7325,3846600
7326,6750554
7327,3846600
7328,2000000
7329,2000000
7330,2000000
7331,8500000
7332,6750554
7333,6750554
7334,7761600
7335,6750554
7336,4950000
7337,2000000
7338,8300000
7339,6581700
7340,9900000
7341,2000000
7342,2000000
7343,2000000
7344,2000000
7345,6750554
7346,1500000
7347,2000000
7348,7500000
7349,22500000
7350,6750554
7351,2000000
7352,2000000
7353,2000000
7354,2000000
7355,2000000
7356,1000000
7357,2000000
7358,3000000
7359,4950000
7360,2000000
7361,6750554
7362,6750554
7363,8500000
7364,6750554
7365,2000000
7366,7700000
7367,6750554
7368,2000000
7369,6400000
7370,6000000
7371,8500000
7372,2000000
7373,6750554
7374,2000000
7375,6400000
7376,2000000
7377,3486000
7378,8500000
7379,2000000
7380,6400000
7381,4400000
7382,2000000
7383,6750554
7384,2000000
7385,6750554
7386,9450000
7387,7200000
7388,8500000
7389,2000000
7390,6750554
7391,6750554
7392,2000000
7393,4800000
7394,2000000
7395,2000000
7396,9450000
7397,6750554
7398,2000000
7399,5200000
7400,2000000
7401,6750554
7402,2000000
7403,6500000
7404,4950000
7405,6750554
7406,5200000
7407,2000000
7408,5200000
7409,2000000
7410,2000000
7411,4950000
7412,5200000
7413,6750554
7414,4544800
7415,6750554
7416,6750554
7417,6750554
7418,2000000
7419,10700000
7420,4800000
7421,5852000
7422,1000000
7423,6100000
7424,12900000
7425,1000000
7426,6750554
7427,2000000
7428,2000000
7429,11700000
7430,4950000
7431,4950000
7432,8100000
7433,3010000
7434,6750554
7435,5500000
7436,6750554
7437,6750554
7438,8500000
7439,6750554
7440,9450000
7441,6400000
7442,2000000
7443,2000000
7444,6800000
7445,2000000
7446,6750554
7447,6750554
7448,5200000
7449,6750554
7450,6750554
7451,6750554
7452,5445456
7453,5200000
7454,2000000
7455,6750554
7456,3023300
7457,4950000
7458,4838066
7459,4400000
7460,6750554
7461,6070000
7462,9450000
7463,2000000
7464,7000000
7465,6750554
7466,2000000
7467,43000000
7468,17035200
7469,6400000
7470,2000000
7471,2000000
7472,4950000
7473,2000000
7474,2000000
7475,2000000
7476,6750554
7477,2000000
7478,6300000
7479,1000000
7480,6750554
7481,6750554
7482,10500000
7483,5200000
7484,2000000
7485,6750554
7486,5335000
7487,5200000
7488,4950000
7489,2000000
7490,2000000
7491,3000000
7492,6750554
7493,2000000
7494,7500000
7495,6300000
7496,6750554
7497,2000000
7498,6750554
7499,9450000
7500,6750554
7501,6750554
7502,6750554
7503,2000000
7504,6750554
7505,2000000
7506,2000000
7507,5200000
7508,5200000
7509,2000000
7510,6300000
7511,4800000
7512,2000000
7513,6750554
7514,3169480
7515,6750554
7516,2000000
7517,5335000
7518,2000000
7519,6750554
7520,6900000
7521,4535300
7522,4950000
7523,6400000
7524,6750554
7525,6750554
7526,3023300
7527,1000000
7528,5200000
7529,6750554
7530,4462000
7531,1000000
7532,1000000
7533,6750554
7534,4950000
7535,5909900
7536,6750554
7537,2000000
7538,2000000
7539,7400000
7540,4950000
7541,5200000
7542,7500000
7543,6750554
7544,2000000
7545,11300000
7546,6750554
7547,2000000
7548,6750554
7549,2000000
7550,9450000
7551,2000000
7552,6400000
7553,5622775
7554,2000000
7555,2000000
7556,6750554
7557,2000000
7558,9450000
7559,2000000
7560,8500000
7561,6750554
7562,6400000
7563,2000000
7564,6750554
7565,8300000
7566,6750554
7567,6750554
7568,8500000
7569,6750554
7570,2000000
7571,9450000
7572,8100000
7573,2000000
7574,6750554
7575,2000000
7576,6750554
7577,2000000
7578,2000000
7579,1000000
7580,10400000
7581,8500000
7582,2000000
7583,6750554
7584,6750554
7585,6750554
7586,6750554
7587,6750554
7588,3846600
7589,6750554
7590,6750554
7591,8500000
7592,2000000
7593,6750554
7594,2000000
7595,2000000
7596,6750554
7597,6400000
7598,2000000
7599,2000000
7600,6400000
7601,3010000
7602,6400000
7603,4950000
7604,6750554
7605,5200000
7606,6750554
7607,27700000
7608,9450000
7609,7500000
7610,6750554
7611,6581700
7612,6750554
7613,2000000
7614,6750554
7615,2000000
7616,6750554
7617,2000000
7618,7562000
7619,6750554
7620,8300000
7621,6750554
7622,6457416
7623,1000000
7624,3486000
7625,6750554
7626,6750554
7627,2000000
7628,6750554
7629,2000000
7630,6750554
7631,2000000
7632,1000000
7633,6750554
7634,22052872
7635,5313000
7636,1000000
7637,3846600
7638,6750554
7639,8500000
7640,6750554
7641,6750554
7642,6750554
7643,2000000
7644,9450000
7645,6457416
7646,6750554
7647,9450000
7648,6750554
7649,6868818
7650,6750554
7651,8500000
7652,6581700
7653,6868818
7654,2422315
7655,6750554
7656,6750554
7657,2000000
7658,3846600
7659,6750554
7660,5200000
7661,8500000
